id,tweet
1,オナモミ
2,御開帳
3,4545
4,踏む
5,目隠し
6,ネバネバ
7,イアン・ソープ
8,棒立ち
9,めくる
10,チンアナゴ
11,抜き差し
12,ちんすこう
13,ウルトラマンコスモス
14,女子アナ
15,乱入
16,曼荼羅（まんだら）
17,袋とじ
18,騎乗
19,黒光り
20,なめたけ
21,女子校
22,ぺろぺろキャンディー
23,マンゴスチン
24,カフェラテ
25,液漏れ
26,穴があったら入りたい
27,入れ食い
28,ちんすこう
29,アナリスト
30,願掛け
31,チョコバナナ
32,傷の舐め合い
33,感じる
34,アラビアン
35,ぶっかけ
36,屋外
37,女子アナ
38,オムニバス
39,夜勤病棟
40,すじこ
41,カフェラテ
42,ハマグリ
43,ウインナー
44,出し入れ
45,具
46,ドリル
47,マンネリ
48,蜜
49,イアン・ソープ
50,むき栗
51,ペペロンチーノ
52,ゴム
53,踏む
54,マンゴスチン
55,放置
56,生搾り
57,ベランダ
58,義姉
59,エックス
60,曼荼羅（まんだら）
61,発起人
62,柔肌
63,目隠し
64,入れて
65,フエラムネ
66,あんみつ
67,さくらんぼ
68,ガチンコ
69,でんぐり返し
70,バイブレーション
71,屋外
72,ドリル
73,マグロ
74,ナイチンゲール
75,メスシリンダー
76,ミルク
77,おこめ
78,観音開き
79,口パク
80,モロッコ
81,無理矢理
82,縛る
83,若女将
84,息抜き
85,手錠
86,放課後
87,茂み
88,団地妻
89,押入れ
90,自家発電
91,アラビアン
92,制服
93,sax
94,おちょこ
95,かずのこ
96,めんこ
97,めくる
98,オクチクチュクチュモンダミン♪
99,おこめ
100,未経験
101,密林
102,オマーン
103,練乳
104,一皮むけた
105,アイスクリーム
106,耳かき
107,チンチン電車
108,生クリーム
109,おねだり
110,放課後
111,合体
112,ピストン
113,ミルク
114,若女将
115,女子校
116,つくってあそぼ
117,目隠し
118,屋外
119,オカズ
120,家庭教師
121,マンホール
122,補習授業
123,フルーツポンチ
124,如意棒
125,チョコバナナ
126,枕
127,見つめる
128,ウルトラマンコスモス
129,アッチェレランド
130,願掛け
131,アルトサックス
132,濡れてる
133,液体
134,おねだり
135,茂み
136,多目的ホール
137,口パク
138,手ぶら
139,馬乗り
140,肉汁
141,ムニエル
142,親子丼
143,単身赴任
144,バイブル
145,ジュブナイル
146,おしゃぶり昆布
147,あんみつ
148,バック
149,ロウソク
150,母音
151,一万個
152,玉入れ競争
153,アルトサックス
154,踊り食い
155,おたま
156,スク水
157,パチンコ
158,女子アナ
159,めくる
160,69
161,息子
162,入れて
163,放置
164,吐息
165,かずのこ
166,ジュブナイル
167,林間学校
168,乱れる
169,密林
170,セーラー服
171,極太
172,おしるこ
173,アワビ
174,ロウソク
175,つくってあそぼ
176,ヌメリ取り
177,湿ってる
178,カルピス
179,おたま
180,耳かき
181,補習授業
182,黒光り
183,出し入れ
184,きのこ
185,ドロリッチ
186,女子寮
187,フルーツポンチ
188,まんだらけ
189,スク水
190,青函トンネル
191,新陳代謝
192,スチュワーデス
193,生（なま）
194,おいなりさん
195,出して
196,むき栗
197,バイブレーション
198,調教
199,ケフィア
200,肉まん
201,ゴムバンド
202,ロウソク
203,ドロリッチ
204,ミルク
205,エキス
206,親子丼
207,すじこ
208,願掛け
209,一本道
210,お持ち帰り
211,エプロン
212,手錠
213,出して
214,ぶっかけ
215,エッチング加工
216,液体
217,ウエットティッシュ
218,若女将
219,オナモミ
220,ロータリー
221,糸こんにゃく
222,お豆
223,完熟マンゴー
224,息抜き
225,立つ
226,聖水
227,ムニエル
228,裂け目
229,ベランダ
230,すじこ
231,ぺろぺろキャンディー
232,でんぐり返し
233,万歩計
234,肉まん
235,カフェラテ
236,手錠
237,息抜き
238,屈辱
239,如意棒
240,練乳
241,寸止め
242,人妻
243,大きい
244,舐める
245,オカズ
246,課外授業
247,制服
248,ソーセージ
249,肉まん
250,4545
251,あんかけ
252,ぬるぬる
253,かき混ぜる
254,マグロ
255,柔肌
256,出し入れ
257,初めて
258,マンネリ
259,使用済み
260,液漏れ
261,すじこ
262,ちんすこう
263,先っちょ
264,穴があったら入りたい
265,アワビ
266,挿入
267,枕
268,おしゃぶり昆布
269,ガチンコ
270,吐息
271,新陳代謝
272,ペペロンチーノ
273,更衣室
274,裂け目
275,ピストン
276,茂み
277,仕返し
278,69
279,マンホール
280,ぺろぺろキャンディー
281,むき栗
282,お散歩
283,ノーバン始球式
284,ドロリッチ
285,マロニー
286,生（なま）
287,旦那が出張中
288,フエラムネ
289,柔肌
290,満潮
291,あんみつ
292,ごっくん
293,相武紗季
294,おつゆ
295,カタい
296,バイブレーション
297,置換反応
298,手抜き
299,つゆだく
300,茂み
301,ガチンコ
302,生（なま）
303,フルーツポンチ
304,ちんすこう
305,ホットスポット
306,ストリンジェンド
307,蜜
308,クリームパイ
309,ごっくん
310,てんこ盛り
311,バイブル
312,野外
313,抜き差し
314,ウインナー
315,母音
316,団地妻
317,舐める
318,アイマスク
319,目隠し
320,尺八
321,サービス料
322,エックス
323,ケフィア
324,おつゆ
325,具
326,製糸工場
327,48
328,柔肌
329,エッチング加工
330,課外授業
331,アナリスト
332,初めて
333,バイブル
334,放置
335,めんこ
336,入れて
337,マチュピチュ
338,生搾り
339,感度良好
340,拘束
341,マンホール
342,かき混ぜる
343,ガチンコ
344,兄嫁
345,口パク
346,チンチラ
347,出して
348,ヤリイカ
349,素人
350,自家発電
351,ぬめぬめ
352,耳かき
353,聖水
354,マンネリ
355,おねだり
356,釈由美子
357,女子アナ
358,おいなりさん
359,肉汁
360,ウルトラマンコスモス
361,駅弁
362,蜜
363,湿ってる
364,マグロ
365,突起物
366,オクチクチュクチュモンダミン♪
367,なめこ
368,サービス料
369,オカズ
370,アナリスト
371,放置
372,生搾り
373,AV機器
374,さくらんぼ
375,ロータリー
376,抜き差し
377,野外
378,屈辱
379,湿ってる
380,セーラー服
381,義姉
382,素人
383,多目的ホール
384,ガチンコ
385,エッチング加工
386,てんこ盛り
387,まんだらけ
388,乳液
389,棒立ち
390,一皮むけた
391,アナリスト
392,お豆
393,傷の舐め合い
394,メイド
395,オムニバス
396,フルーツポンチ
397,エスカレート
398,ファックス
399,寸止め
400,四つん這い
401,ドリル
402,オマーン
403,立つ
404,母音
405,菊
406,グチョグチョ
407,エックス
408,鍾乳洞
409,相武紗季
410,乱れる
411,屈辱
412,激しい
413,マンドリル
414,ぬれせんべい
415,パチンコ
416,マグロ
417,単身赴任
418,マンネリ
419,棒立ち
420,目隠し
421,ロウソク
422,シックスセンス
423,願掛け
424,1919
425,パイの実
426,生搾り
427,秘境
428,オクチクチュクチュモンダミン♪
429,あんみつ
430,おしゃぶり昆布
431,疑心暗鬼（ギシンアンキ）
432,わかめの味噌汁
433,処女作
434,土手
435,聖夜
436,サービス料
437,枕
438,ぬれせんべい
439,手抜き
440,口パク
441,生搾り
442,合体
443,濡れてる
444,見つめる
445,感度良好
446,1919
447,肉団子
448,モロッコ
449,やればできる子
450,ソーセージ
451,マンネリ
452,なめこ
453,乳白色
454,めんこ
455,林間学校
456,グチョグチョ
457,屋外
458,マンドリル
459,ヌンチャク
460,ストリンジェンド
461,イアン・ソープ
462,かずのこ
463,つるつる
464,素人
465,観音開き
466,屈辱
467,バイブレーション
468,縛る
469,マンホール
470,ゴム
471,玉入れ競争
472,マンツーマン
473,しつけ
474,多目的ホール
475,パチンコ
476,シックスセンス
477,おいなりさん
478,疑心暗鬼（ギシンアンキ）
479,ロータリー
480,まんだらけ
481,アッチェレランド
482,押入れ
483,人妻
484,1919
485,乱れる
486,オカズ
487,単身赴任
488,しゃぶしゃぶ
489,ペペロンチーノ
490,侮辱
491,林間学校
492,蜜
493,お散歩
494,見つめる
495,ごっくん
496,ケフィア
497,写生大会
498,1919
499,秘境
500,飼育
501,まんだらけ
502,カフェラテ
503,無理矢理
504,ぬめぬめ
505,ファックス
506,柔肌
507,息抜き
508,女子アナ
509,満潮
510,おつゆ
511,馬乗り
512,クリオネ
513,シックスセンス
514,ウエットティッシュ
515,夜勤病棟
516,チョコバナナ
517,フェロモン
518,御開帳
519,やればできる子
520,マチュピチュ
521,ミラ・ジョヴォヴィッチ
522,釈由美子
523,ファックス
524,おいなりさん
525,お散歩
526,でんぐり返し
527,乳液
528,割れ目
529,置換反応
530,ムニエル
531,アナログスティック
532,やればできる子
533,具
534,亀
535,ネバネバ
536,アイスクリーム
537,個人レッスン
538,実験
539,蜜
540,騎乗
541,耳かき
542,玉入れ競争
543,未経験
544,手抜き
545,尺八
546,マラドーナ
547,一本道
548,48
549,仕返し
550,オクチクチュクチュモンダミン♪
551,ストリンジェンド
552,聖夜
553,つくってあそぼ
554,ピストン
555,ソーセージ
556,単身赴任
557,つぼみ
558,生クリーム
559,かずのこ
560,如意棒
561,義姉
562,チンアナゴ
563,乳液
564,おちょこ
565,竿
566,69
567,スク水
568,パチンコ
569,屈辱
570,バイブル
571,一本道
572,お豆
573,マット運動
574,メイド
575,エッチング加工
576,なめこ
577,ぬめぬめ
578,生（なま）
579,ナース
580,さくらんぼ
581,母音
582,発起人
583,多目的ホール
584,裂け目
585,液体
586,秘境
587,アイマスク
588,穴があったら入りたい
589,自家発電
590,かずのこ
591,おたま
592,ウエットティッシュ
593,袋とじ
594,うまい棒
595,なめたけ
596,パチンコ
597,てんこ盛り
598,ムニエル
599,ピストン
600,林間学校
601,激しい
602,マット運動
603,相武紗季
604,肉汁
605,のどごし生
606,マロニー
607,ドロリッチ
608,初めて
609,生搾り
610,母音
611,飼育
612,いちごみるく
613,柔肌
614,ミルクセーキ
615,鍾乳洞
616,如意棒
617,制服
618,独りよがり
619,入れて
620,出し入れ
621,マネージャー
622,実験
623,つゆだく
624,満潮
625,お豆
626,目隠し
627,手ぶら
628,ミルク
629,つくってあそぼ
630,アラビアン
631,エプロン
632,おしゃぶり昆布
633,息抜き
634,観音開き
635,サービス料
636,首輪
637,押入れ
638,おつゆ
639,未亡人
640,ベランダ
641,完熟マンゴー
642,なめたけ
643,女子アナ
644,フェラーリ
645,おいなりさん
646,やればできる子
647,カタい
648,素人
649,マラドーナ
650,袋とじ
651,フルーツポンチ
652,オナモミ
653,棒立ち
654,sax
655,アナリスト
656,生（なま）
657,チンアナゴ
658,セーラー服
659,やる気満々
660,ドリル
661,ナース
662,ミルクセーキ
663,観音開き
664,願掛け
665,一本道
666,お泊まり
667,裂け目
668,マグロ
669,アラビアン
670,巫女
671,出して
672,聖水
673,やればできる子
674,具
675,正四面体
676,あんみつ
677,義姉
678,わかめの味噌汁
679,満潮
680,親子丼
681,縛る
682,パチンコ
683,挿入
684,ジュブナイル
685,処女作
686,アナリスト
687,乳白色
688,無理矢理
689,おしるこ
690,マラカス
691,女教師
692,使用済み
693,吐息
694,ドロリッチ
695,合体
696,舐める
697,多目的ホール
698,女子寮
699,処女作
700,ぬかるみ
701,目隠し
702,女子大生
703,マロニー
704,具
705,聖水
706,おたま
707,洗濯バサミ
708,一万個
709,竿
710,ストリンジェンド
711,合体
712,ぬかるみ
713,サンプル
714,お散歩
715,挿入
716,さくらんぼ
717,踏む
718,駅弁
719,マンゴスチン
720,屋外
721,ジェル
722,ぬれせんべい
723,若女将
724,ヌメリ取り
725,アナログスティック
726,寸止め
727,ウインナー
728,更衣室
729,先っちょ
730,サンプル
731,やればできる子
732,やる気満々
733,万華鏡
734,ファックス
735,フルーツポンチ
736,ベランダ
737,割れ目
738,四つん這い
739,密林
740,1919
741,お豆
742,つくってあそぼ
743,先っちょ
744,アナログスティック
745,親子丼
746,ヌンチャク
747,スク水
748,兄嫁
749,シックスセンス
750,ネバネバ
751,極太
752,イアン・ソープ
753,透けてる
754,オマーン
755,グチョグチョ
756,亀
757,未経験
758,未発達
759,目隠し
760,チンアナゴ
761,アナログスティック
762,完熟マンゴー
763,お泊まり
764,入れ食い
765,マンホール
766,おたま
767,乱入
768,セーラー服
769,玉入れ競争
770,チンチン電車
771,処女作
772,マット運動
773,置換反応
774,ごっくん
775,団地
776,侮辱
777,袋とじ
778,マチュピチュ
779,感じる
780,フェロモン
781,ウルトラマンコスモス
782,生搾り
783,感度良好
784,ゴムバンド
785,合体
786,うまい棒
787,補習授業
788,覗く
789,やればできる子
790,なめこ
791,お散歩
792,若女将
793,アラビアン
794,ごっくん
795,完熟マンゴー
796,秘境
797,見つめる
798,おねだり
799,ペペロンチーノ
800,乳液
801,願掛け
802,グチョグチョ
803,お散歩
804,バイブル
805,sax
806,菊
807,生クリーム
808,覗く
809,更衣室
810,未亡人
811,踏む
812,ゴムバンド
813,肉汁
814,ヤリイカ
815,口パク
816,疑心暗鬼（ギシンアンキ）
817,女子校
818,放課後
819,先っちょ
820,触手
821,縛る
822,エックス
823,のどごし生
824,サンプル
825,処女作
826,柔肌
827,押入れ
828,騎乗
829,フエラムネ
830,一肌脱ごう
831,飼育
832,アイマスク
833,鎮魂歌
834,AV機器
835,ノーバン始球式
836,聖夜
837,ムニエル
838,おつゆ
839,個人レッスン
839,オナモミ
839,パクチン
839,乳鉢
839,すじこ
839,満潮
839,マンホール
839,チンチン電車
839,ちんすこう
839,パックンチョ
839,朝まで生テレビ
839,完熟マンゴー
839,チンゲン菜
839,美少女H２
839,借りパク
839,一皮むけた
839,ミルクセーキ
839,つゆだく
839,栗饅頭
839,徹マン
839,なめこ
839,聖夜
839,ハメ技
839,教師
839,ウルトラマンコスモス
839,処女作
839,チョコバナナ
839,10万個
839,スタンディングオベーション
839,ぶっかけうどん
839,リコーダー
839,三所攻め
839,巨峰
839,シックス
839,路駐
839,なでしこ
839,友だちの彼女
839,キッコーマン
839,素人
839,コチュジャン
839,ピストン
839,曼荼羅（まんだら）
839,たけのこ
839,チョコボール
839,近藤
839,おまんま
839,おしるこ
839,口パク
839,ファスナー
839,裏番組
839,卍固め
839,サイコアナルシス
839,エチケット
839,ファインディング
839,ゴールドマンサックス
839,水戸黄門
839,未亡人
839,ティーバッグ
839,大人のきのこの山
839,写生大会
839,コンマ
839,あげまん
839,長方形
839,チュッパチャプス
839,ねるねるねーるね
839,クリケット
839,パンチライン
839,チェリー
839,バナナ
839,もっこり
839,マッコリ
839,団地妻
839,おしゃまんべ
839,まんだらけ
839,ペペロンチーノ
839,青缶
839,生ビール
839,種なしスイカ
839,バックアタック
839,カルテット
839,陰口
839,おまんじゅう
839,乳液
839,リップサービス
839,うまい棒
839,ヴェニス
839,まんりき
839,母音
839,スカイライン
839,ピタゴラス
839,さおだけ屋
839,春爛漫
839,クーピー
839,デカビタ
839,おしぼり
839,ナイチンゲール
839,おさんぽ
839,湿地帯
839,ビンゴボンゴ
839,白い巨塔
839,精を出す
839,AV機器
839,アナリスト
839,アナグラム
839,マンパワー
839,マンドリル
839,万華鏡
839,マンゴー
839,万歩計
839,千歯こき
839,マラカス
839,バイブレーション
839,エッチングペン
839,まんげきょう
839,てつまん
839,マリア・セルジオ
839,ロータリーエンコーダ
839,大人のいちごミルク
839,とろろそば
839,本腰を入れる
839,女官
839,魚肉ソーセージ
839,ピペッティング
839,パイペッティング
839,紅萬子
839,ソープ
839,求核攻撃
839,求核置換反応
839,エジェクト
839,ブランデンブルク門
839,7回膜貫通
839,ぬきさしならぬ
839,不随意運動
839,幸子
839,御朱印
839,一房の葡萄
839,遺伝子注入
839,共有電子対
839,エロマンガ島
839,乳棒
839,官能試験
839,エロトマニア
839,官能基
839,イアン・ソープ
839,あわびのリップ
839,ナス
839,やらないか
839,女体入口
839,丸ぼっき
839,COOP嬢
839,エッチピット
839,半身半立
839,ヘテロ環
839,官能基導入
839,同位体
839,アイトソープ
839,保護者同伴
839,メルロ=ポンティ
839,クリス・カニンガム
839,青年トルコ革命
839,たまらん坂
839,高級AV
839,ブラッド・ペニー
839,ニュルンベルク
839,フラペチーノ
839,潮吹き
839,唐揚げ棒
839,ブッチッパ
839,トルコ
839,ちぢれ
839,タックスヘイブン
839,練乳
839,触手
839,オーガニゼーション
839,鼻筋
839,射的
839,パインパン
839,マロングラッセ
839,コスチューム
839,ベローチェ
839,手抜き
839,オスプレイ
839,脱衣場
839,運根鈍（うんこんどん）
839,マッサージ
839,渤海
839,デモクリトス
839,まぐわう
839,マンガニエロ
839,six
839,シコシコした食感
839,インライン
839,グルタチオンＳトランスフェラーゼ
839,クリスト
839,1組
839,クイーニーアマン