category,body,meaning
あい,(*ノωノ)キャー,顔文字
あい,(yωy*)ポッ,顔文字
あい,.+:。(´ω`*)゚.+:。ポッ,顔文字
あい,゚.+:。(*≧∇≦*)゚.+:。大好き!!,顔文字
あい,壁|▽//)ゝテレテレ,顔文字
あい,゚.+:。(〃ω〃)゚.+:。 キャァ♪,顔文字
あい,.+:。(*´ェ`*)゚.+:。ポッ,顔文字
あい,.+:。((((o・ω・)o))) ゚.+:。ドキドキ♪,顔文字
あい,.+:。LOVE゚・*:★⌒ヾ(-ω・*),顔文字
あい,((((((/´З`)/チュチュチュゥウウウウ!!,顔文字
あい,♪ラブ(*-ェ-(-ェ-*)ラブ♪,顔文字
あい,ヽ(○´3`)ノ チュゥゥゥゥ,顔文字
あい,(*^^)・^* )チュッ♪,顔文字
あい,ダキ♪(●´Д`人´Д`●)ギュッ♪,顔文字
あい,|*・ω・)ノ シュッ≡≡≡≡≡[愛]゚+.,顔文字
あい,ドキドキ(゚∀゚*)(*゚∀゚)ドキドキ,顔文字
あい,((((o゚▽゚)o))) ドキドキ♪,顔文字
あい,I・:*:・Σd(・∀・)£ονё・:*:・Σ(・∀・)σЧОЦ・:*:・,顔文字
あい,(○ノωノ)キャッ(○ノωノ)キャッ(○ノω゚)ゝチラッ(○ノωノ)キャッ(○ノωノ)キャッ,顔文字
あい,だいしゅき━・:*(〃・ω・〃人)*:・━!!!,顔文字
あい,|´∀`●) ポッ,顔文字
あい,+.((*´エ`人´Ι`*))゚+.スリスリ♪,顔文字
あい,(*´・ω・(・ω・*川o ダキッ,顔文字
あい,(* ^ω^)ゞテレテレ,顔文字
あい,(*・ω・*)ポッ,顔文字
あい,(。-_-。)ポッ,顔文字
あい,ダキ♪゚+.(´・ω・人・ω・`)゚+.ギュッ♪,顔文字
あい,sμκi_φ(ω`●)ポッ,顔文字
あい,ヽ(〃^・^〃)ノ チュッ♪,顔文字
あい,ヾ(  `-ω)ω<*) ムリヤリチュッ♪,顔文字
あい,(*-ω(ω-`o ))) オカエシチュッ♪,顔文字
あい,焼きモチ #Ω#Ω# o(・ω・´o) プンプン,顔文字
あい,(*´ェ`d)~~~~~~~~~~(b´ェ`*) 運命の赤い糸,顔文字
あい,大好き.....φ(。・ω・。 ),顔文字
あい,(u_u*)ポッ,顔文字
あい,(p*・ω・`*q) きゃぁッ♪,顔文字
あい,モジ(((*´ε` *)(* ´З`*)))モジ,顔文字
あり,了└|力"├_〆(・ω・ )♪,顔文字
あり,ありがとうございました(*- -)(*_ _)ペコリ,顔文字
あり,<(_ _*)> アリガト,顔文字
あり,(人´ω`).ア☆.リ。ガ.:ト*・,顔文字
あり,ありが㌧♪(・ω・)ノ,顔文字
あり,アリ*:・(*-ω人)・:*ガト,顔文字
あり,アリガト♪(*'-^)-☆パチン,顔文字
あり,ありがと~♪ヾ(^Д^*)ノ,顔文字
あり,ありがとう (*´-`*)ゞ ポリポリ,顔文字
あり,ヾ(^∇^)ノアリガトー♪,顔文字
あり,+。:.゚ヽ(*´∀)ノ゚.:。+゚ァリガトゥ,顔文字
あり,Σd(ゝ∀・)ァリガトォ♪,顔文字
あり,((ヾ(。・ω・)ノ☆゚+.ァリガトゥ ,顔文字
あり,アリ(´・ω・)(´_ _)ガト♪,顔文字
あり,тндйк[○´・ω・]人[・ω・`●] уoц,顔文字
いい,ヾ(。・ω・)ノ゚.+:。 イイジャナーイ,顔文字
いい,Σd(゚∀゚)ィヵ酢!!,顔文字
いい,。゚+.(・∀・)゚+.゚イイ!!,顔文字
いい,+.゚(*´∀`)b゚+.゚イィ,顔文字
いい,。゚+.(*`・∀・´*)゚+.゚イィ!!,顔文字
いい,゚.+:。(・ω・)b゚.+:。グッ,顔文字
ううん,イェヾ(´∀`*))((*´∀`)ノイェ,顔文字
ううん,((-ω-。)(。-ω-))ウウン,顔文字
ううん,(´・д・`=´・д・`)ィヤィヤ,顔文字
ううん,ィェ((・ω・*≡*・ω・))ィェ,顔文字
ううん,チガウ(((∀`●))((●´∀)))チガウ,顔文字
うれ,ピーチュv(゚∀゚v)三(v゚∀゚)vピーチュ,顔文字
うれ,墓]三(っ ´._ν`)っヒャッホー,顔文字
うれ,。゚ヽ(゚´=Д=`)ノ゚。ヤッターン,顔文字
うれ,☆⌒v⌒v⌒ヾ((`・∀・´)ノ ヒャッホーィ♪,顔文字
うれ,♪⌒ヽ(*゚ω゚)ノ ヤッターッ!! ,顔文字
うれ,ィェ‐ィ v(●´U`●v)))))).......((((((v●´U`●)v ィェ‐ィ,顔文字
うん,゚.+:。(*-ω-)(-ω-*)゚.+:。ウンウン,顔文字
うん,(・c_,・`(-c_,-`(・c_,・`(-c_,-` )ウンウン,顔文字
うん,(。・ω・)(。-ω-)(。・ω・)(。-ω-)ゥィゥィ♪,顔文字
うん,(*゚▽゚)*。_。)*゚▽゚)*。_。)ウンウン,顔文字
うん,ウ・・ ウン(-ω-`;。),顔文字
うん,(・∀・)/ ハーイ,顔文字
うん,o(*・ω・)ノ ァィ,顔文字
うん,.+:。(≧∇≦)ノ゚.+:。 ハーイ♪,顔文字
うん,ハ―。゚+.ヽ(´∀`*)ノ ゚+.゚―ィ☆,顔文字
うん,'`ィ(´∀`∩,顔文字
うん,ヾ(´▽`*)ゝあーい♪,顔文字
うん,(゚ω゚)ノ ハィ,顔文字
うん,(。・ω・。)ノぁぃ♪,顔文字
えろ,イヤ━━━(゚,_ゝ゚)━━━ン!!!,顔文字
えろ,興奮(´Д`;)/ヽァ/ヽァ,顔文字
えろ,ぃぇ━━━━━ヽ(*゚浮゚)人(゚気゚*)ノ━━━━━ぃ,顔文字
えろ,ムチトロウソクヨ♪ .:~ロヘ(´▽`)ノ~~~~~~ ピシ !,顔文字
えろ,[HOTEL]  (^∇^*)o―――――C<*-_-))))))ズルズル ,顔文字
えろ,∥風俗店∥ ヽ( ´ー`)ノ 爽快♪,顔文字
えろ,キンタマ━ω━━ω━━━(゚ω゚)━━ω━━━ω━!!,顔文字
えろ,[HOTEL]゚∀゚)----C< ´Д`)!! ,顔文字
えろ,エッチィー♪┣┫…(*ノ▽ノ)イヤン,顔文字
えろ,ドピゥッ (;´Д`)♂*:・。.:*:・,顔文字
えろ,(;゚∀゚)=3ハァハァ,顔文字
えろ,♂ヾ(・∀・*)ゴシゴシ♪ ♂⌒・ デタ━(゚∀゚ )━!!,顔文字
えろ,モミモミ(´д`)ノノ(・ (・ ,顔文字
えろ,(*゚∀゚)ノθ゙゙)*´Д`) ブイィィィィン,顔文字
えろ,【 AV 】   (∀`●)うほ♪,顔文字
おか,(*'ー'*)ノ~~゚.+:。 才 力 工 └|♪☆・゚:*:゚,顔文字
おか,(9*゚▽゚)9”おかえりぃ♪,顔文字
おか,才力工└|♪(o(゚・^*)ノ^☆,顔文字
おか,ォヵ―+。:.゚ヽ(´∀`。)ノ゚.:。+゚―ェリ,顔文字
おか,||o(。・ω・)o|Ю (・ω・。)オカイモ~,顔文字
おか,才力エリ_〆(-c_,-。),顔文字
おか,。o0((((゚∀゚)ノシ オカイモムシ,顔文字
おか,[壁]ョ´_ゝ`)<オカエリ,顔文字
おか,オッカヽ(・д・`。)ノイモヽ(´・д・`)ノイモヽ(。´・д・)ノ ホクホクー♪,顔文字
おか,オカエリ....+。゜φ(ゝω・`○)+。,顔文字
おか,おか芋虫o0((((;(。・ω・)モキュキュ♪,顔文字
おは,p(・ω・)qオッ! !w(ゝω・)wハー!!,顔文字
おは,PC|゚Д゚)ノ オハヨウサン,顔文字
おは,才ノヽ∋―_φ(゚ω^* )♪,顔文字
おは,ヾ(´ω`=´ω`)ノ オハヨォ,顔文字
おは,o(゚∀゚)o オッ ヽ(゚∀゚)ノ ハー,顔文字
おは,★⌒(●ゝω・)ω・)(ェ)・)ノ☆゚+.オハヨゥゥゥ゚+.☆,顔文字
おは,│・ω・`)<コッショリ ォハョゥ,顔文字
おは,ヽ(ω・,,ヽ)オッハ!! (ノ,,・ω)ノオハオハ!!.。゚+.(,,・ω・,,)ノ。+.゚オハョゥサン!!,顔文字
おは,((ヾ(*ゝω・*)ノ☆゚+.才八∋ゥ゚+.☆,顔文字
おは,(*ゝ(ェ)・)ノ.。o○オ.。o○ハ.。o○ヨ.。o○ウ.。o○,顔文字
おは,オハョョヨヨ∃"ヽ( ゚∀゚)ノ"ョョヨヨ∃ゥ!!,顔文字
おは,|ω・)ノ ォ´`ォ´`♪,顔文字
おは,オハヨウゴザイマス o┐ペコリ,顔文字
おは,ぉはょ━━(。-ω-)ノ━(。・ω・)ノ━(。>ω<)ノ━━ぅ!!,顔文字
おは,オッハヽ(・д・`。)ノイモヽ(´・д・`)ノイモヽ(。´・д・)ノ オハイモ~♪,顔文字
おは,.+()クルッ( )クルッ(ω・。)クルッ(。・ω・。)ノ~~オハヨウゴザイマス♪,顔文字
おは,∥三(((o ・`∀・´)ノ オハヨウ!!,顔文字
おは,.:+:.::.:+:(,, ・∀・)ノ゛ぉはょうー.:+:,顔文字
おひさ,オヒサ☆^ヽ(*゚∀゚)乂(゚∀゚*)ノ^☆オヒサ,顔文字
おひさ,+.*.。゚+(P∀`q。)+..。*゚+おひさじゃ~♪,顔文字
おひさ,,,,(((*≧∇)乂(∇≦*))),,,オヒサー♪,顔文字
おひさ,オヒサシブリブリッ♪(/ω\*),顔文字
おひさ,ネジネジ....8-(●・ω・).爻(・ω・○)ー8 オヒサオヒサ♪,顔文字
おひさ,才匕±━━ヽ| ○´ω`|ノヽ| ´ω`●|ノ━━━ッ!!,顔文字
おひさ,.。゚+.£(。・"・)从(・"・。)β.。゚+. おヒサーッ♪,顔文字
おひさ,ε=ε=ε=(*ノ´Д`)ノ゚.+:。キャー!!久しぶり~!!,顔文字
おひさ,オヒサ━ヽ(≧▽)ノヾ(▽≦)ノ━ッ!!!,顔文字
おめ,。・:*:・゜☆ ネ兄 月劵 禾り ,。・:*・・゜☆,顔文字
おめ,☆*:;;;;;:*☆ 才×〒"├ ☆*:;;;;;:*☆,顔文字
おめ,才×〒"┝_〆(´∀`●),顔文字
おめ,(・ω・)ノ--==三三三 >゚)))彡 おめで鯛,顔文字
おめ,オメット(o´・ω・`)σ)Д`)プニョプニョ,顔文字
おめ,才三⊃゛├_〆(´(00)` ),顔文字
おめ,・*:..。o○☆*゚Congratulations!!・*:..。o○☆*゚,顔文字
おめ,オメット♪ヽ(・∀・ヽ)(ノ・∀・)ノ オメット♪,顔文字
おめ,はい、オメデトーフ(*´ゝ∀・`)_□ ゚.+:。,顔文字
きた,キタ━━━y=-(゚∀゚)・∵.━━━ン!!!,顔文字
きた,キタ━━━━(Д゚(○=(゚∀゚)=○)Д゚)━━━━━!!,顔文字
きた,キタワァ*・゜゚・*:.。..。.:*・゜(n´∀`)η゚・*:.。. .。.:*・゜゚・* !!,顔文字
きた,キタ━━━(゚∀゚)━(。A。)━(゚∀゚)━(。A。)━(゚∀゚)━━━!!!!,顔文字
きた,キタ━━━━。゚+.ヽ(´∀`*)ノ ゚+.゚━━━━!!,顔文字
きた,キタ━゚+.(○・艸)(艸・●)゚+.━!!,顔文字
きた,キタァ━(゚∀゚)( ゚∀)超( ゚)絶( )大(゚ )興(∀゚ )奮(゚∀゚)━キタヨー!!!!,顔文字
きた,キタ─wwヘ√レvv~(゚∀゚)─wwヘ√レvv~─ !!,顔文字
きた,キタ Y⌒Y⌒Y⌒Y⌒Y⌒Y⌒ヽ(゚ε゚)ノ!!!,顔文字
きた,|゚+.|艸`)キタヨ|。+゚|´艸`)キタヨ|+。ο・;+|( *´艸`)キチャッタヨゥ♪,顔文字
きた,キタ━━━━━━┌(。A。┌ )┐━━━━━━ !!!!!,顔文字
こん,(*・ェ・*)ノ~☆コンバンワ♪,顔文字
こん,⊃`ノ八"`ノ八_〆(・ω・*),顔文字
こん,⊃`ノ八"`ノ八_〆┤'-'*├,顔文字
こん,(*ゝ(ェ)・)ノ.。o○コ.。o○ン.。o○バ.。o○ン.。o○ワ.。o○,顔文字
こん,+。:.゜こんばんゎヽ(´∀`)ノ .:。+゜。,顔文字
こん,バンヮ―゚。+(=゚ω゚)ノ+。゚―ッ,顔文字
こん,ヾ(o・_●・)ノこんばんはぁ♪,顔文字
こん,コンバンヽ(゚益゚ヽ)三ヽ(゚益゚)ノワァ♪,顔文字
こん,こんばん(b'v`★)b わっ♪,顔文字
こん,(*´∇`)ノ こんばんわぁ~,顔文字
こん,(*゚∀゚)っ[.+:。★⊃冫ノヽ"冫ヮ★.+:。],顔文字
こん,p{・ω-*}qこんばん…ヽ{*・ω・*}ノわー,顔文字
こんち,((ヾ(*ゝω・*)ノ☆゚+.⊇ωレニちゎ゚+.☆,顔文字
こんち,(○´∀`)ノ゙こんにちゎ★,顔文字
こんち,○|¯|_--===≡≡≡´ω`)ノ こんぬずわ♪,顔文字
こんち,(。・ω・)ノ゙ コンチャ,顔文字
こんち,こんにちは_φ(・ω・`),顔文字
こんち,(*´ノД`)<<< +。:.HELLO゜.:。+゜ )),顔文字
こんち,(●ゝω・)ノ コンニチハ,顔文字
こんち,ヾ(・ω・`)ノ ハロー♪,顔文字
こんち,||ヽ(*・∀・*)ノミ|Ю こんにちわぁー,顔文字
こんち,(*´Å`)ノ ヤポー♪,顔文字
こんち,オイッス──ッ♪(*・∀・)=○))゚Д゚),顔文字
こんち,こんちゃぁ━━+。・(o・´口`・o)ノ゙ ・。+━━!!,顔文字
こんち,....(((([コンニチハ]>o(。+・`д・。),顔文字
こんち,コン=チゎ |ω・`)ノ|Ю,顔文字
こんち,(o´ノωノ`o)こんにち ヽ(o´・ω・`o)ノ゙ わぁ♪,顔文字
こんち,コンチャ―☆⌒Y⌒Y⌒Y⌒Y⌒ ヾ(o´Д`)ノ―――♪♪,顔文字
ごめ,。o.゚。(・ェ・。`人)。o.゚。ゴメンネ,顔文字
ごめ,m(●-C_,-`●)m ゴメン,顔文字
ごめ,人(・ω・;) スマヌ,顔文字
ごめ,・゚・(●´Д`●)・゚・ごめんよおぉ,顔文字
ごめ,<(^∀^*)ゞゴメン~♪,顔文字
ごめ,(ノ∀`●) ハンセイ,顔文字
ごめ,| 柱 |ヽ(-公-;) 反省,顔文字
ごめ,ゴメンネm(;ω;`m)三(m´;ω;)mゴメンネ,顔文字
ごめ,d(>∇<;)ゆるちて♪,顔文字
ごめ,(;・д・Aそりゃ失礼,顔文字
ごめ,m(。≧Д≦。)mスマーン!!,顔文字
ごめ,(*_ _)人ゴメンナサイ,顔文字
ごめ,(。-人-。) ゴメンネ,顔文字
ごめ,ペコm(_ _;m)三(m;_ _)mペコ,顔文字
ごめ,r(≧ω≦*)スマンスマン,顔文字
ごめ,m(;∇;)mゴメンネ,顔文字
ごめ,すみませんでした (o_ _)o)),顔文字
ごめ,怒っちゃイ・ヤ♪(○-∀-)r(-公-;),顔文字
ただ,|///|ヽ(゚Д゚*)ノ|///|タダィモォ,顔文字
ただ,。o0((((゚∀゚)ノシ タダイモムシ,顔文字
ただ,|☆ミ(ノ゚∇゚)ノスタッ! o(*゚∇゚)ノシ タダイマー,顔文字
ただ,タダイモムシ♪(・ω・=)nnn~ (・ω・=)nnn~   ~nnn(=・ω・)←反抗期,顔文字
ただ,||ヽ(*゚▽゚*)ノミ|Ю タダイマァ♪,顔文字
ただ,ヾ(゚∀゚*)ノ彡|Ю タダィモォ,顔文字
ただ,∥三(((o ・`∀・´)ノ タダィマァ!!,顔文字
ただ,.+()クルッ( )クルッ(ω・。)クルッ(。・ω・。)ノ~~タダイマ♪,顔文字
ただ,.:+:.::.:+:(,, ・∀・)ノ゛タダイマー.:+:,顔文字
ただ,|。+.玄関。+.|ミ☆ヘ(`・ω・)ノ┌┛タダイマン!!,顔文字
です,dё─゚+。d(`ゝc_・´)゚+。─sц,顔文字
です,DЁ━d(ゝω・´○)━SЦ!!,顔文字
です,デ━━(●ゝω・´)b━━スッ♪,顔文字
です,デ―d(゚Å゚o)―ス!! ,顔文字
です,デ──ヾ(・ω・o)ノ──シュ♪,顔文字
です,((*゚,_ゝ゚)ゞデシ,顔文字
です,(。・ω・)ゞデシ,顔文字
ど,ゴ━━━━(# ゚Д゚)━━━━ルァ!!,顔文字
ど,ゴルァゴルァゴルァ!!(゚Д゚)。_。)゚Д゚)。_。)゚Д゚)。_。)゚Д゚),顔文字
ど,(y゚ロ゚)yカカッテコンカイ,顔文字
ど,щ(゚ロ゚щ) カモ-ンщ(゚ロ゚щ) カモ-ンщ(゚ロ゚щ) カモ-ンщ(゚ロ゚щ) カモ-ン,顔文字
ど,(´-ω-)人。o○(ジョウブツシテネ)【v(・Д・)】,顔文字
ど,`((。A。)⌒Y⌒ヾ( ´_ゝ`) イラネ,顔文字
ど,(#`皿´)<怒怒怒怒怒怒!!! ,顔文字
ど,(#゚,_ゝ゚)バカジャネーノ?,顔文字
ど,o(`ω´*)oフン!!!! ,顔文字
ど,ヽ(`Д´#)ノ,顔文字
ど,(-公- ;) チッ,顔文字
ど,バカーヾ(゚д゚)ノ゛,顔文字
ど,(`Д´) ムキー!,顔文字
ど,(゚Д゚)、ペッ!!,顔文字
ど,( ゚Д゚)ドルァ!!,顔文字
ど,ヽ(`Д´)ノ,顔文字
ど,(゚Д゚)≡゚д゚)、カァー ペッ!!,顔文字
ど,"o(`*ω*´)イライライライラ・・・・,顔文字
なく,。・゚・(*ノД`*)・゚・。,顔文字
なく,(。´Д⊂) ウワァァァン,顔文字
なく,・゚・(ノ∀`;)・゚・,顔文字
なく,ママァ・・・・ヽ(´Д`)ノ,顔文字
なく,ウ・・・━━(。-ω-)ウワ━(。・ω・)ァァ━・゚・(。>ω<)・゚・━━ン!!,顔文字
なく,ウワァァ━━━━。゚(゚´Д`゚)゚。━━━━ン!!! ,顔文字
なく,。゚(゚ `Д)ノ。゚ヽ(  )ノ゚。ヽ(Д´ ゚)ノ゚。。゚ヽ(゚`Д´゚)ノ゚。ウワァァァン!!,顔文字
なく,(;ωノ|柱|。。。,顔文字
なく,(ノω・、) ウゥ・・・,顔文字
なく,゚.+:。(pωq)゚.+:。エーン,顔文字
なく,(-公-、)シクシク,顔文字
なく,・゜・(PД`q。)・゜・ ,顔文字
なく,∃ヨヨョョ。+゚(ノД`)゚+。ョョヨヨ∃,顔文字
なく,(*´;ェ;`*) うぅ・・,顔文字
なく,((○(´Д`)○))ヤダヤダ,顔文字
なく,エーン!o(>д<。 o)。o○((。・д・。)クス嘘泣き♪)),顔文字
なく,ョョヨヨョョヨヨョョ。+゚(うω`)゚+。ョョヨヨョョヨヨョョ,顔文字
なく,(pдq`。)ワーン(pд・`q)チラ(pдq`。)シクシク,顔文字
なく,(´;ω;`)ウゥゥ,顔文字
なく,ρ(-ω-、)ヾ(゚ω゚;)ヨチヨチ,顔文字
なく,ヨチヨチ( *´д)/(´д`、)アゥゥ,顔文字
なく,ρ(-ω-。)ヽ(・ω・。)イイコイイコ,顔文字
なく,□⊂(・ω・`) ナカナイデ...,顔文字
なく,(ノ_・。)ノ□ヾ(・ω・ ) ナミダヲオフキ,顔文字
なく,ヨシヨシ( ,,´・ω・)ノ"(´っω・`。),顔文字
なく,ヨチヨチ(( (っ´ω`)ノ(pωq),顔文字
なく,ρ(・ω・、)イジイジ,顔文字
ね,(。´・ω・)(・ω・`。)ネー,顔文字
ね,( ・_ゝ・)(・c_・` )ネー,顔文字
ね,゚.+:。(。・ω-)(-ω・。)ネー゚.+:。,顔文字
ね,(´・д・)(・д・`)ЙЁЁ,顔文字
ね,(*´ェ` )(´ェ`*)ネー,顔文字
ね,(*´艸)(艸`*)ネー,顔文字
ね,(σ`・∀・)σйё,顔文字
ね,d(´д`o)ネ♪,顔文字
ね,(*´・ω-)b ネッ,顔文字
ね,d(ゝC_・o)йё☆,顔文字
ばい,(((((((っ・ω・)っ ブーン,顔文字
ばい,ばぃちゃっ☆(´ゝ∀・`)ノシ,顔文字
ばい,。゚ヽ(゚´Д`)ノ゚。βyё βyё☆彡,顔文字
ばい,パタパタ †_(・ω・*)β.。.:*・゚βyё☆.。.:*・゚☆.。.:*・゚☆βyё.。,顔文字
ばい,see you again!(*ゝェ・)/~☆Bye-Bye♪,顔文字
ばい,゚+.゚вуe вуe゚+.゚,顔文字
ばい,(*・ω・)ノ●-●ブラジャーフリフリバィバィ,顔文字
ばい,(*・ω・)ノ))ブンブン!!またね~,顔文字
ばい,゚.+:。(ノω`)ノ"゚.+:。またねぇ,顔文字
ばい,|ω・`)ノ |Юマタクルネ,顔文字
ばい,(●゚ω゚)ノジャ、マタ!!,顔文字
ばい,(´・ω:;.:  (´:;....::;.:. :::;.. ..... ,顔文字
ばい,どろん!! |ω・) |・) |) ※パッ,顔文字
ばい,またねぇ(・ω・)ノ▽"フリフリ,顔文字
ばい,マタネ♪ヾ(゚-^*)≡(((((((*゚-)ノ |EXIT,顔文字
ばい,ヾ(*゚ω゚)人(*゚ω゚)ノシ バイバイィン,顔文字
ばい,ε(*´・∀・`)з゙βуёβуё"ε(´・∀・`*)з,顔文字
ばい,|Д´)ノ 》 ジャ、マタ,顔文字
ばい,(∩ω・。)ノシ バィバィ,顔文字
ばい,ε=ε=ε=ε= ヽ(*・ω・)ノ タタタタ・・・。゚.☆ ドロン♪,顔文字
ばい,ドロン |´Д`●)  |Д`●)  |`●)  |パッ *,顔文字
ばい,[壁])≡サッ!!,顔文字
びっくり,ォォォォッォォォォォΣ(´▽`ノ)ノォォォォォォォォォォ,顔文字
びっくり,( ゚Д゚)y \_ ポロッ,顔文字
びっくり,Σq|゚Д゚|p ワオォ,顔文字
びっくり,ヽ(ヽ゚ロ゚)ヒイィィィ!!!,顔文字
びっくり,マ(。Д゚; 三 ;゚Д゚)ジ!?,顔文字
びっくり,(; ゚ ロ゚)ナン!( ; ロ゚)゚ デス!!( ; ロ)゚ ゚トー!!,顔文字
びっくり,ΣΣ(゚д゚lll),顔文字
びっくり,Σヽ(゚Д゚○)ノ,顔文字
びっくり,おぉ(゚ロ゚屮)屮,顔文字
びっくり,Σ(´□` ) ハゥ,顔文字
びっくり,(⊃ Д)⊃≡゚ ゚ ,顔文字
びっくり,( ; ロ)゚ ゚ ,顔文字
びっくり,ヒー!! ノ)゚Д゚(ヽ,顔文字
びっくり,ヽ(゚Д゚;)ノ!!,顔文字
びっくり,(;´-`).。oO(ぇ・・・・),顔文字
びっくり,ェエェエェエェエ(゚Д゚ノ)ノエェエェエェエェ,顔文字
びっくり,Σ(゚ロ゚;),顔文字
めも,((φ(-ω-)カキカキ,顔文字
めも,【黒板】\_( ゚ロ゚)ここ重要。メモょ!!メモ! !,顔文字
めも,φ(・ω・ )かきかき,顔文字
めも,イラネッ(゚Д゚=)ノ⌒゚,顔文字
めも,カキナオシφ(o・ω・o)ノ⌒ ホイ゚ッ!!,顔文字
めも,(*-д-)ノ□~i_(∀+`*) ショウコインメツ!!,顔文字
めも,高速メモ!((φ(。_。;)φ))。_。;)φ))。_。;)φ))φ))シュタタタタタ!!,顔文字
めも,φ(。。*)メモメモ (*・ω・)ツ))コピーコピー (ノ・ω・)ノ^配布配布♪,顔文字
めも,〆(・ω・。)ハイ、サイン(。・ω・)ノ□_(-ω-*),顔文字
めも,_□o(´Д`;)ケシケシ,顔文字
めも,"φ(・ェ・o)~メモメモ ,顔文字
めも,φ(._. )カキカキε3(-ω-。)クシャクシャ(。-ω-)ノ⌒゚□ ポイ,顔文字
めも,_ロ(・ω・=) ケシケシ,顔文字
めも,\_(´∀`★)ハイ ココテストニデマスヨー,顔文字
めも,ペタペタ(○・ω・)ノノ"□" メモハリツケ,顔文字
めも,_o(・ω・ )メモミッケ♪   。。。□へ(。・ω・)ノモライッ!,顔文字
よ,(σ´・ω・)σYO!!,顔文字
よ,Σ(σ`・ω・´)σ Y口,顔文字
よ,(σ`・д・)σYO,顔文字
よ,(σ´Д`)σYO,顔文字
よ,(σ´∀`)σΥΟ!!,顔文字
よろ,才 ノヽ ゙ノ _((¢(_ _ o)ペコッ,顔文字
よろ,ササッ( _ _)つ【 祝☆オハツ 】,顔文字
よろ,オハツです(*- -)(*_ _)ペコッ ,顔文字
よろ,ハッツヽ(・ω・。)ノハツハツヽ(・ω・)ノハツヽ(。・ω・)ノ ヨロー☆,顔文字
よろ,(。-ω-)ノ オ(。・ω・)ノ ハ(。>ω<)ノ ツ,顔文字
よろ,【祝!お初】( ゚Д゚)<ヨロスィク!!,顔文字
よろ,(´・ω・`)お(´-ω-`)は(´_ _`)つ~♪,顔文字
よろ,ヾ(o・д・)ノ☆゚+.オハツデス゚+.☆,顔文字
よろ,∩( ´∀`)∩ドォゾ (っ´∀`)っ))ヨロスィク,顔文字
よろ,:・(*>▽<*)ゞ・:よろしくお願いします,顔文字
よろ,(*´ω` )ノ よろしくお願いします,顔文字
よろ,ε=ε=ε=【゚.+:。ヨロシク♪゚.+:。】>c=(●・ω・)ゝ,顔文字
よろ,(・ω・)ノ☆・゚::゚ヨロシク♪,顔文字
よろ,<(_ _)>よろしくお願いします,顔文字
よろ,∃ □ =ノ ⊃_〆(´Д` ),顔文字
よろ,ヨロティク(=゚ω゚)ノ,顔文字
よろ,((*'∇'*)ヨロ((*・v・)シク( _ _)デス♪,顔文字
よろ,(・o・)ヨ(・д・)ロ(・ェ・)シ(・ε・)ク,顔文字
よろ,(。ゝ∀・)ゞヨロシクゥ♪,顔文字
よろ,ヨロ───ヽ(○`・v・)人(・v・´●)ノ───シク♪,顔文字
よろ,(*・ェ・*)ノ~☆ヨロシク♪,顔文字
よろ,((ヾ(○・ω・)ノ☆・゚::゚ヨロシク♪,顔文字
わい,ワ――゚.+:。ヾ(o・ω・)ノ゚.+:。――イ,顔文字
わい,わぁ~い゚.+:。(ノ^∇^)ノ゚.+:。,顔文字
わい,わぁいヽ(゚(エ)゚*ヽ)(ノ*゚(エ)゚)ノわぁい,顔文字
わい,*:.。☆..。.(´∀`人),顔文字
わい,☆:*・゚(●´∀`●)ホェ:*・゚,顔文字
わい,q(・ェ・q)ルン♪(p・ェ・)pルン♪,顔文字
わい,∩(´∀`)∩ ワッショイ♪,顔文字
わい,わぁ━━ヽ(●´∀`)○´∀`)ノ━━ぃ!!,顔文字
わい,ルンルン♪゚.+:。((o(・ω・)人(・ω・)o))゚.+:。ルンルン♪,顔文字
わい,わぁいヽ(ω・ヽ)(ノ・ω)ノ わぁい♪,顔文字
わら,(。-∀-)ニヒ♪,顔文字
わら,(¯m¯〃)ぷぷっ!,顔文字
わら,(ノ∀≦。)ノぷぷ-ッ♪,顔文字
わら,。゚(゚ノ∀`゚)゚。アヒャヒャ,顔文字
わら,(*⌒∇⌒*)テヘ♪,顔文字
わら,(ノω`)プププ,顔文字
わら,(( ´∀`))ゲラゲラ,顔文字
わら,( ´,_ゝ`) プッ,顔文字
わら,(゚m゚*)プッ,顔文字
わら,(つω`*)テヘ,顔文字
わら,あははは (≧∀≦*),顔文字
わら,∵ゞ(≧ε≦o)ぶっ,顔文字
わら,プププッ(*¯m¯)ノ彡☆ばんばん!!,顔文字
わら,(⊃∀`* )エヘヘ♪,顔文字
わら,(゚c_,゚`。)プッ,顔文字
わら,∵ゞ(´ε`●) ブハッ,顔文字
わら,Y⌒Y⌒Y⌒Y⌒Y⌒Y⌒(。A。)アヒャヒャヒャヒャ,顔文字
わら,( ´艸`)ムププ,顔文字
わら,(〃^∇^)o彡☆あははははっ,顔文字
わら,壁]ω・)ニヤニヤ,顔文字
わら,ムフッ((´∀`*)),顔文字
わら,ヘ(゚∀゚ヘ)アヒャ,顔文字
わら,(*´σー`)エヘヘ,顔文字
わら,(゚∀゚ )≡ モヒョヒョヒョヒョ,顔文字
わら,(*'-')フフ♪,顔文字
わら,(●´σД`●)ゞ エヘヘ♪,顔文字
わら,|ω・`)プッ♪,顔文字
わら,( *´艸`)クスクス ,顔文字
わら,(´*v*`):;*.':;ブッ,顔文字
わら,;`;:゙;`(;゚;ж;゚; )ブッ,顔文字
わら,(´゚艸゚)∴ブッ,顔文字
わら,( ゚ェ゚)・;'.、ゴフッ,顔文字
standard,ヾ¨)+゚.*,顔文字
standard,´∀`*,顔文字
standard,_|¯|○,顔文字
standard,_l¯l●lll,顔文字
standard,_φ(゚▽゚*)♪,顔文字
standard,_〆(・_・。)^ ,顔文字
standard,・゚゚・.(/□\*).・゚゚・,顔文字
standard,・゚・(つД`)・゚・,顔文字
standard,..._〆(゚▽゚*),顔文字
standard,.+:*.(∞'`人)⌒☆,顔文字
standard,.+゚.+゚(o(。・д・。)o).+゚.+゚,顔文字
standard,.+。(Pq'`★)゚+゚,顔文字
standard,.+(´^ω^`)+.,顔文字
standard,.+(¨)+.,顔文字
standard,.+(*¨*)+.,顔文字
standard,.+゚ヽ(`・ω・´)ノ.+゚,顔文字
standard,。・゚゚・(>_<)・゚゚・。,顔文字
standard,。・゚・(つД`)・゚・。,顔文字
standard,。・゚・(ノ∀`)・゚・。,顔文字
standard,。・゚・(ノД`)・゚・。,顔文字
standard,。・+゚゚(うд´。)゚゚+・。,顔文字
standard,。゚(゚´∀`゚)σ゚。,顔文字
standard,。゚゚(´□`。)°゚。,顔文字
standard,。゚゚(´I`*゚)゚。,顔文字
standard,。゚(゚´Д`゚)゚。,顔文字
standard,。゚(´つω・`。)゚。,顔文字
standard,。゚(゚^∀^゚)σ。゚,顔文字
standard,。゚(。ノωヽ。)゚。,顔文字
standard,゚。(*^▽^*)ゞ,顔文字
standard,。゚゚(つД≦。)°゚。,顔文字
standard,。+.('`●pq),顔文字
standard,。+゚(。`Д´。)゚+。,顔文字
standard,。+゚(つд・o)゚+。,顔文字
standard,( `^ω^)=3,顔文字
standard,( `_ゝ´),顔文字
standard,( `∀´),顔文字
standard,( `Д´)/,顔文字
standard,( ´ ▽ ` )ノ,顔文字
standard,( ´`ω´),顔文字
standard,( ´_>`),顔文字
standard,( ´_ノ` ),顔文字
standard,( ´_ゝ`),顔文字
standard,( ´・_・`),顔文字
standard,( ´,_ゝ`),顔文字
standard,( ´、ゝ`),顔文字
standard,( ´'A'`),顔文字
standard,( ´∀`),顔文字
standard,( ´∀`)σσ,顔文字
standard,( ´△`),顔文字
standard,( ´`),顔文字
standard,( ´艸`),顔文字
standard,( ´ー`),顔文字
standard,( ^∀^),顔文字
standard,( ^ω^ ),顔文字
standard,( ゚_ゝ゚)ノ,顔文字
standard,( -`σд´-),顔文字
standard,( -ω-)y─┛~~~,顔文字
standard,( ・´ω`・ ),顔文字
standard,( ・_ゝ・),顔文字
standard,( ・∀・)ノ,顔文字
standard,( ゚,_・・゚),顔文字
standard,( ,,`・ ω´・),顔文字
standard,( ; ロ)゚ ゚,顔文字
standard,( '∀` ),顔文字
standard,( 'A` ),顔文字
standard,( 'o'),顔文字
standard,( 〃..),顔文字
standard,( ゚∀゚),顔文字
standard,( ≧Д≦ ),顔文字
standard,( ゚▽゚)/,顔文字
standard,( pq),顔文字
standard,( ゚Д゚),顔文字
standard,( ゚д゚),顔文字
standard,( ゚Д゚)⊃旦,顔文字
standard,( ゚Д゚)y─┛~~,顔文字
standard,( ノД`),顔文字
standard,(`´),顔文字
standard,(`_ゝ´),顔文字
standard,(`-д-;)ゞ,顔文字
standard,(`・∀・+´),顔文字
standard,(`・ω´・ ●),顔文字
standard,(`・ω´・)ノ",顔文字
standard,(`・ω´・+)v,顔文字
standard,(`・ω・´),顔文字
standard,(`・д・´),顔文字
standard,(`‥Pq),顔文字
standard,(`∀´),顔文字
standard,(`o´),顔文字
standard,(`ε´),顔文字
standard,(`ω´*),顔文字
standard,(`А´),顔文字
standard,(`Д´),顔文字
standard,(`゚Д゚´)ゞ,顔文字
standard,(`Д´*)9,顔文字
standard,(`皿´),顔文字
standard,(´`),顔文字
standard,(´^ω^`),顔文字
standard,(´_`。),顔文字
standard,(´_ゝ`),顔文字
standard,(´-ω-`),顔文字
standard,(´・_ゝ・`),顔文字
standard,(´・、●・),顔文字
standard,(´・(ェ)・`),顔文字
standard,(´・∀・`),顔文字
standard,(´・ω・`),顔文字
standard,(´・ω・lll),顔文字
standard,(´・ω∩`*),顔文字
standard,(´・д-人),顔文字
standard,(´・艸・`),顔文字
standard,(´・益・`*),顔文字
standard,(´、つ`),顔文字
standard,(´;ω;`),顔文字
standard,(´。`),顔文字
standard,(´‘c_,‘` ),顔文字
standard,(´∀`),顔文字
standard,(´∀`*),顔文字
standard,(´∀`●),顔文字
standard,(´∀`σ)σ,顔文字
standard,(´<_` ),顔文字
standard,(´∵`),顔文字
standard,(´⊂_`人),顔文字
standard,(´⊥`*),顔文字
standard,(´●_`*),顔文字
standard,(´0ノ`*),顔文字
standard,(´A`),顔文字
standard,(´A`),顔文字
standard,(´C_` ),顔文字
standard,(´I `*),顔文字
standard,(´pωq`),顔文字
standard,(´U艸U`),顔文字
standard,(´ι_` ),顔文字
standard,(´ρ`),顔文字
standard,(´ω`人),顔文字
standard,(´ω_`○),顔文字
standard,(´Д`;),顔文字
standard,(´Д`),顔文字
standard,(´゚д゚`),顔文字
standard,(´Д`)y-~,顔文字
standard,(´д゚`ll),顔文字
standard,(´Д`υ),顔文字
standard,(´д⊂),顔文字
standard,(´エ`●),顔文字
standard,(´っω・o),顔文字
standard,(´人・ω・。),顔文字
standard,(´艸`*),顔文字
standard,(´ー`),顔文字
standard,(´ー`)y~~,顔文字
standard,(´ー`A;),顔文字
standard,(´ー`* )))),顔文字
standard,(^_-)-☆,顔文字
standard,(^^)V,顔文字
standard,(^-^*)/,顔文字
standard,(^◇^;),顔文字
standard,(^ω^人),顔文字
standard,(_Д_*),顔文字
standard,(゛ω゛),顔文字
standard,(-`ω´-;A,顔文字
standard,(-_-),顔文字
standard,(-standard∀standard),顔文字
standard,(-∀-),顔文字
standard,(-ω-`*),顔文字
standard,(-Ω-メ),顔文字
standard,(・ ∀ ・),顔文字
standard,(・´з`・),顔文字
standard,(・_・)/,顔文字
standard,(・_ゝ・),顔文字
standard,(・'ω'・),顔文字
standard,(・∀・`*),顔文字
standard,(・∀・),顔文字
standard,(・A・),顔文字
standard,(・c_,・人),顔文字
standard,(・ω・`彡 )з,顔文字
standard,(・ω・;),顔文字
standard,(・ω・),顔文字
standard,(・д・),顔文字
standard,(・ェ・。),顔文字
standard,(,,-`_●-),顔文字
standard,(,,#゚Д゚),顔文字
standard,(,,゚Д゚),顔文字
standard,(,,人゚Д゚),顔文字
standard,(; ´艸`),顔文字
standard,(;´゚_●゚),顔文字
standard,(;´∞`),顔文字
standard,(;´▽`)y-~~,顔文字
standard,(;´Д`)y─┛~~,顔文字
standard,(;´д`)ゞ,顔文字
standard,(;´Д⊂),顔文字
standard,(;^ω^A,顔文字
standard,(;-ω-)a゙,顔文字
standard,(;:゚:ж:゚:;),顔文字
standard,(;。・`ω・。),顔文字
standard,(;゚∀゚)=3ハァハァ,顔文字
standard,(;_),顔文字
standard,(;_),顔文字
standard,(;≧Д≦)y─┛,顔文字
standard,(;A´エ` ),顔文字
standard,(;゚ε゚´)a,顔文字
standard,(;ω人),顔文字
standard,(;д;),顔文字
standard,(;゚д゚),顔文字
standard,(;゚Д゚)y \_,顔文字
standard,(;゚Д゚i|!),顔文字
standard,(;一_一),顔文字
standard,(:D)|¯|_,顔文字
standard,(。´・(ェ)・),顔文字
standard,(。-_-。 )ノ,顔文字
standard,(。-ω-。),顔文字
standard,(。-д-。)ゞ,顔文字
standard,(。・`ω・。)q,顔文字
standard,(。・・)ノ,顔文字
standard,(。・∀・)ノ゛,顔文字
standard,(。・o・。)ノ,顔文字
standard,(。・ω・。),顔文字
standard,(。・з・。)φ,顔文字
standard,(。'A`),顔文字
standard,(。≧ω≦)ノ,顔文字
standard,(。pω-。),顔文字
standard,(。uωu。),顔文字
standard,(。UωU)b,顔文字
standard,(。vωv。`),顔文字
standard,(。ゝェ・b)b,顔文字
standard,('`;),顔文字
standard,('_`),顔文字
standard,('-'*),顔文字
standard,('・_・`),顔文字
standard,(',_ゝ`),顔文字
standard,('∀`),顔文字
standard,('⌒`),顔文字
standard,('A`),顔文字
standard,('U`),顔文字
standard,('v`),顔文字
standard,('ε`汗),顔文字
standard,('ω´*),顔文字
standard,('Д`◆),顔文字
standard,('ё`),顔文字
standard,((^∀^*)),顔文字
standard,((( ⊂⌒~⊃。Д。)⊃,顔文字
standard,(((( ;゚Д゚))),顔文字
standard,((((㊥ヾ(`ω゚´ll),顔文字
standard,(((゚Д゚))),顔文字
standard,((* ´艸`)),顔文字
standard,((*`゚д゚)ゞ,顔文字
standard,((=゚Д゚=))ノ,顔文字
standard,((∩^Д^∩)),顔文字
standard,((⊂(^ω^)⊃)),顔文字
standard,((oll゚ω`))o,顔文字
standard,((φ(..。),顔文字
standard,((φ(>ω<*),顔文字
standard,((人д`o),顔文字
standard,((ヾ(○・ω・)ノ☆・゚::゚,顔文字
standard,(」*´∇`)」,顔文字
standard,(§Ο艸<*),顔文字
standard,(standard´・ω・),顔文字
standard,(* ´皿`),顔文字
standard,(* ´艸`),顔文字
standard,(* _ω_),顔文字
standard,(* ゚Д゚),顔文字
standard,(*` 艸 ´),顔文字
standard,(*`^´)=3,顔文字
standard,(*`・ω・´),顔文字
standard,(*`・з・´),顔文字
standard,(*`ω´*),顔文字
standard,(*`д´*),顔文字
standard,(*`ェ´*),顔文字
standard,(*`皿´*)ノ,顔文字
standard,(*´`ω´)/,顔文字
standard,(*´_●`),顔文字
standard,(*´_ゝ`),顔文字
standard,(*´・A・`),顔文字
standard,(*´・v・`),顔文字
standard,(*´・ω・。)σ,顔文字
standard,(*´・ω・)ノシ,顔文字
standard,(*´・Д・),顔文字
standard,(*´・д・)ノ,顔文字
standard,(*´・ェ・`*),顔文字
standard,(*´∀`)b,顔文字
standard,(*´゚∀゚`)ノ,顔文字
standard,(*´∀`*),顔文字
standard,(*´>д<),顔文字
standard,(*´`*),顔文字
standard,(*´∪`),顔文字
standard,(*´□`σ)σ,顔文字
standard,(*´▽`)◇ゞ,顔文字
standard,(*´A`*),顔文字
standard,(*´I`*),顔文字
standard,(*´v`),顔文字
standard,(*´σω`),顔文字
standard,(*´σЗ`)σ,顔文字
standard,(*´ω`*),顔文字
standard,(*´゚д)(д゚`*),顔文字
standard,(*´ェ`*),顔文字
standard,(*´つω・。),顔文字
standard,(*´ノ皿`),顔文字
standard,(*´艸`),顔文字
standard,(*´ゝv・`)ノ,顔文字
standard,(*´ー`*)ーЭ,顔文字
standard,(*^-^*)ゞ,顔文字
standard,(*^▽^*),顔文字
standard,(*^m^*),顔文字
standard,(*¨*),顔文字
standard,(*¨人),顔文字
standard,(*-∀-)ノ゙,顔文字
standard,(*-ω-*),顔文字
standard,(*-凵-)b,顔文字
standard,(*・`ω´・)ゞ,顔文字
standard,(*・∀-)b,顔文字
standard,(*・∀・*),顔文字
standard,(*・ε・*),顔文字
standard,(*・ω-q),顔文字
standard,(*・ω・*∩,顔文字
standard,(*・ノ3・),顔文字
standard,(*'`★),顔文字
standard,(*'-'*),顔文字
standard,(*'-'*),顔文字
standard,(*'3゚b)b,顔文字
standard,(*'A^q),顔文字
standard,(*'U`*),顔文字
standard,(*'v`)b,顔文字
standard,(*'ε°),顔文字
standard,(*'ω`*)ゞ,顔文字
standard,(*「・ω・)?,顔文字
standard,(*゚∀゚)=3,顔文字
standard,(*゚∀゚*)!,顔文字
standard,(*=ノω=),顔文字
standard,(*>∀<)ノ))★,顔文字
standard,(*>艸<),顔文字
standard,(*≧∪≦),顔文字
standard,(*≧m≦*),顔文字
standard,(*≧д≦),顔文字
standard,(*◆艸∀`Θ),顔文字
standard,(*◇‘v′+艸),顔文字
standard,(*◎v◎*),顔文字
standard,(*●艸З∪$),顔文字
standard,(*0ω0从*),顔文字
standard,(*O艸o`◎%),顔文字
standard,(*pωq*),顔文字
standard,(*T_T*),顔文字
standard,(*uωu*)σ,顔文字
standard,(*vωv),顔文字
standard,(*Θ∀Θ)σ,顔文字
standard,(*σ´Д`*),顔文字
standard,(*゚ω`人),顔文字
standard,(*б●б),顔文字
standard,(*бωб*),顔文字
standard,(*゚Д゚*),顔文字
standard,(*゚ェ゚*),顔文字
standard,(*゚ノ 3゚),顔文字
standard,(*ノ∀`*),顔文字
standard,(*ノ∀゚*)σ,顔文字
standard,(*ノ∪`*),顔文字
standard,(*ノ3-*),顔文字
standard,(*ノωノ),顔文字
standard,(*ノД`)ノ,顔文字
standard,(*ノェノ),顔文字
standard,(*从>∀o*)o.゚。*・,顔文字
standard,(*从uзu㊤),顔文字
standard,(*ゝω・*),顔文字
standard,(*ゝωб*),顔文字
standard,(*ゝノ3・),顔文字
standard,(*゚ー゚),顔文字
standard,(/∀`*),顔文字
standard,(/∀\*),顔文字
standard,(/□≦、),顔文字
standard,(/ω゚\),顔文字
standard,(/ー\),顔文字
standard,(#`゚д゚乂,顔文字
standard,(#´_>`),顔文字
standard,(#*p`З'q◆),顔文字
standard,(#゚Д゚),顔文字
standard,(#゚д゚メ),顔文字
standard,(〃´-ω・)b,顔文字
standard,(〃´3'〃)ゞ,顔文字
standard,(〃´皿`)q,顔文字
standard,(〃^ω^),顔文字
standard,(〃▽〃),顔文字
standard,(〃゚A゚),顔文字
standard,(〃pq〃),顔文字
standard,(〃ω〃),顔文字
standard,(〃ノωノ),顔文字
standard,(〃艸〃),顔文字
standard,(〃ゝω')b,顔文字
standard,(゚∀゚),顔文字
standard,(゚∀゚〃),顔文字
standard,(゚∀゚人),顔文字
standard,(゚∇^*),顔文字
standard,(=`ェ´=;)ゞ,顔文字
standard,(=´▽`)ゞ,顔文字
standard,(=´σー`),顔文字
standard,(=´ω`=),顔文字
standard,(=´ω`=)y─┛~~,顔文字
standard,(=∀=),顔文字
standard,(=゚ω゚)ノ,顔文字
standard,(=ω=メ),顔文字
standard,(=゚Д゚)ノ,顔文字
standard,(=д=。),顔文字
standard,(=艸=。),顔文字
standard,(ω;A),顔文字
standard,(з),顔文字
standard,(|| ゚Д゚),顔文字
standard,(∞+0ω<*),顔文字
standard,(∞艸3U$),顔文字
standard,(∩∀`*),顔文字
standard,(∩∀`●)っ,顔文字
standard,(∩v-*),顔文字
standard,(㊤Oωo●d),顔文字
standard,(㊤UvU◆χ),顔文字
standard,(∵),顔文字
standard,(≡゚∀゚≡),顔文字
standard,(≡ε≡;),顔文字
standard,(≧∀≦),顔文字
standard,(≧ω≦),顔文字
standard,(≧з≦),顔文字
standard,(≧人≦),顔文字
standard,(≧艸≦*),顔文字
standard,(≧艸≦*),顔文字
standard,(゚゚),顔文字
standard,(゚△゚;ノ)ノ,顔文字
standard,(◆*'v`*),顔文字
standard,(◆从vωv)゚+.,顔文字
standard,(○´皿`从´皿`●),顔文字
standard,(○´艸`),顔文字
standard,(○-∪-)ノ,顔文字
standard,(○*UωUpq).*,顔文字
standard,(○ゝз・)b,顔文字
standard,(◎∀◎人),顔文字
standard,(◎ゝ∀・)ノ,顔文字
standard,(●` 艸 ´),顔文字
standard,(●`・ω・),顔文字
standard,(●`エ´),顔文字
standard,(●´∀`●)ノ,顔文字
standard,(●´∪`),顔文字
standard,(●´A`),顔文字
standard,(●´I`)ノ,顔文字
standard,(●´σ‥`),顔文字
standard,(●´σA・、),顔文字
standard,(●´ω`●)ゞ,顔文字
standard,(●´Д`)ノ゛,顔文字
standard,(●´З`●),顔文字
standard,(●´з(ε`○),顔文字
standard,(●´ノω`),顔文字
standard,(●´人`),顔文字
standard,(●¨q),顔文字
standard,(゚●_q*),顔文字
standard,(●・σω・),顔文字
standard,(●・ω・)/,顔文字
standard,(●'3`*),顔文字
standard,(●'v`pq*),顔文字
standard,(●'x`*)⌒%,顔文字
standard,(●'艸`*),顔文字
standard,(●*'v´Pq),顔文字
standard,(●*'Д°◆%),顔文字
standard,(●*>∀<艸),顔文字
standard,(●′З`●)ゝ,顔文字
standard,(●゚∀゚)ノ,顔文字
standard,(●>ω<)ノ゙,顔文字
standard,(●U艸U●),顔文字
standard,(●゚ω゚●),顔文字
standard,(●ノωノ),顔文字
standard,(●ゝω・),顔文字
standard,(●ゝωб)q,顔文字
standard,(★´・ω・):;,顔文字
standard,(★´・З・)ノ ,顔文字
standard,(★UvU*),顔文字
standard,(☆$VЗv)☆,顔文字
standard,($'`*b,顔文字
standard,($*'V`◆+),顔文字
standard,($◇0ωUpq,顔文字
standard,($b゚3゚b$),顔文字
standard,(b゚`*),顔文字
standard,(b'`●),顔文字
standard,(b'V`),顔文字
standard,(bω^),顔文字
standard,(m´・∀・)m,顔文字
standard,(o´▽`o),顔文字
standard,(o^□^o),顔文字
standard,(o^ω^o),顔文字
standard,(o-_-o),顔文字
standard,(o゚▽゚)o,顔文字
standard,(p^ω^q),顔文字
standard,(P'_`)q+。,顔文字
standard,(p◎'v`*q),顔文字
standard,(p●_q;),顔文字
standard,(pdvωv☆!),顔文字
standard,(pqUvU㊤*),顔文字
standard,(Pдq。),顔文字
standard,(ToT),顔文字
standard,(uωu;A),顔文字
standard,(xдx;),顔文字
standard,(゚ε゚),顔文字
standard,(Ο*゚ェ`艸。+゚:+゚,顔文字
standard,(σ´∀`)σ,顔文字
standard,(σ´Д`)σ,顔文字
standard,(σ´з`)σ,顔文字
standard,(σ゛)'Д゚(ヾ),顔文字
standard,(σ・∀・)σ,顔文字
standard,(σ・Д・)σ,顔文字
standard,(σ・з・)σ,顔文字
standard,(σ’д゚),顔文字
standard,(σ゚∀゚)σ,顔文字
standard,(σ゚д゚)σ,顔文字
standard,(ω・ミэ )Э,顔文字
standard,(゚ω゚)ノ☆,顔文字
standard,(゚Д゚),顔文字
standard,(゚д゚),顔文字
standard,(゚Д゚#),顔文字
standard,(Дヾ),顔文字
standard,(っ´∀`)っ,顔文字
standard,(つ●_`*),顔文字
standard,(つω^*),顔文字
standard,(つω-`。),顔文字
standard,(つд∩),顔文字
standard,(つェ⊂),顔文字
standard,(ノ-o-)ノ ┫,顔文字
standard,(ノ;・ω・)ノ,顔文字
standard,(ノ'A`*),顔文字
standard,(ノ'x`。ヽ),顔文字
standard,(ノ)^ω^(ヾ),顔文字
standard,(ノ)'∀`(ヾ),顔文字
standard,(ノ)'ε`(ヾ),顔文字
standard,(ノ)'ω`(ヾ),顔文字
standard,(ノ)'д`(ヾ),顔文字
standard,(ノ)ω(ヾ),顔文字
standard,(ノ∀`),顔文字
standard,(ノ゚∀゚)ノ,顔文字
standard,(ノ∇≦*),顔文字
standard,(ノ3-*),顔文字
standard,(ノω` ),顔文字
standard,(ノω`*)ノ,顔文字
standard,(ノω・。),顔文字
standard,(ノД`),顔文字
standard,(愛'U`◆%)ノ",顔文字
standard,(喜'v`*),顔文字
standard,(嬉◆'v`*◎)ノ⌒+。・,顔文字
standard,(人´・Θ・`),顔文字
standard,(人´∀`).☆.。.:*・゚,顔文字
standard,(人´ω`),顔文字
standard,(人-ω・),顔文字
standard,(人・∀・),顔文字
standard,(人'A`),顔文字
standard,(人'v`),顔文字
standard,(人*`З゚),顔文字
standard,(人uдu),顔文字
standard,(人ω≦),顔文字
standard,(怒`・(ェ)・´),顔文字
standard,(丱ω`=),顔文字
standard,(丿^ω^ヽ),顔文字
standard,(丿A`*),顔文字
standard,(乂=д=o),顔文字
standard,(乂д´),顔文字
standard,(从Oωo`★),顔文字
standard,(从UxU`χ♪),顔文字
standard,(从V皿V★!),顔文字
standard,(屮`∀´)屮,顔文字
standard,(屮ω`),顔文字
standard,(艸д゚*),顔文字
standard,(ヾ(。・ω・)ノ,顔文字
standard,(ゝc_,・。),顔文字
standard,(ーдー;),顔文字
standard,[・A・` ○],顔文字
standard,[*´・ω・`],顔文字
standard,[●´・艸・],顔文字
standard,[●´;д;],顔文字
standard,[●´A`●],顔文字
standard,[壁]д=),顔文字
standard,《(;´Д`)》,顔文字
standard,standard(o・ェ・o)standard,顔文字
standard,*'З`艸,顔文字
standard,*゚($'v`$)。*゚,顔文字
standard,/(^O^)\,顔文字
standard,/(=・x・=)\,顔文字
standard,\(^o^)/,顔文字
standard,㊥d(*゚∀゚*),顔文字
standard,+.(´^ω^`).+,顔文字
standard,゚+.(・∀・)゚+.゚,顔文字
standard,+.゚(*´∀`)b゚+.゚,顔文字
standard,+.(*'`*)゚+,顔文字
standard,+.(*'v`*)+,顔文字
standard,゚+.゚(★・'ε゚)ノ,顔文字
standard,+.(d'з`b)゚+,顔文字
standard,゚+.(ノ*・ω・)ノ*.,顔文字
standard,+.d(・∀・*)♪゚+.゚,顔文字
standard,+。(◆'v`b)b。+,顔文字
standard,+゚。*(*´∀`*)*。゚+,顔文字
standard,+。○'3`)b゚+゚,顔文字
standard,゚+('v`*)+.゚,顔文字
standard,゚+(◎pq0ЗU*)+:。,顔文字
standard,゚+゚*((Pq'v`★)゚+。,顔文字
standard,゚+◎´3`d)゚+.゚,顔文字
standard,|・`ヘ´・;|ゞ,顔文字
standard,|・ω・`*)ッ,顔文字
standard,|。・益・)ノ,顔文字
standard,|*´A`)ノ,顔文字
standard,|◎`_●´|b,顔文字
standard,|●´∀`|σ,顔文字
standard,|ω´・;),顔文字
standard,|ω・`),顔文字
standard,|ω・`o)ノ",顔文字
standard,|ω・),顔文字
standard,|д゚)ノ⌒●~*,顔文字
standard,|ョз☆),顔文字
standard,|ヽ(*´ω`)y-゚゚゚,顔文字
standard,(´ー`),顔文字
standard,~~-v(`・д+´・),顔文字
standard,~~┗─y(*´∞`*),顔文字
standard,∞*'ω`∞)ノ,顔文字
standard,∩^ω^∩,顔文字
standard,∩・x・∩,顔文字
standard,∩∵)∩★,顔文字
standard,∪*´艸`),顔文字
standard,≡┏|*´・Д・|┛,顔文字
standard,⊂(・∀・と⌒ヽ,顔文字
standard,⊂⌒~⊃。Д。)⊃,顔文字
standard,│・ω・`),顔文字
standard,┐(´-`)┌,顔文字
standard,┐('`;)┌,顔文字
standard,┐(゚゚)┌,顔文字
standard,┓(´`)┏ ,顔文字
standard,▼・ェ・▼,顔文字
standard,○´艸`),顔文字
standard,○|¯|_,顔文字
standard,○┓,顔文字
standard,●'3`pq,顔文字
standard,●┻┓,顔文字
standard,●ヽ(゚∀゚)ノ●,顔文字
standard,★´∀`★,顔文字
standard,★⌒(standard^-゚standard)v,顔文字
standard,☆´∀`☆,顔文字
standard,☆-(・ε・` ,顔文字
standard,☆(≧∀≦*)ノ,顔文字
standard,☆⌒('艸`*◆),顔文字
standard,☆⌒(ゝε・人,顔文字
standard,☆0ωo*●),顔文字
standard,☆Σ(・д・lllノノ,顔文字
standard,〓■●,顔文字
standard,3`)b-★,顔文字
standard,b'`●,顔文字
standard,b'∀`,顔文字
standard,b'Д`*,顔文字
standard,b(’0’)d,顔文字
standard,b(∞'∀`φ)p,顔文字
standard,c⌒っ゚Д゚)っ,顔文字
standard,d(´ω`*),顔文字
standard,d(-∀-●),顔文字
standard,d(-U-★),顔文字
standard,d(-ω・。),顔文字
standard,d(・`ω´・d*),顔文字
standard,d(・(エ)・●),顔文字
standard,d('v`●),顔文字
standard,d(*`c_゚´*)b,顔文字
standard,d(゚∀゚*),顔文字
standard,d(゚Д゚*),顔文字
standard,d┃・∀・┃b,顔文字
standard,il||li_|¯|○ il||li,顔文字
standard,il||li(●*0v0Pq)il||li ,顔文字
standard,il||li(つд-。)il||li,顔文字
standard,llllll(-ω-;)llllll,顔文字
standard,m(_ _)m,顔文字
standard,m(。・ω・。)m,顔文字
standard,m(。>(ェ<)。)m,顔文字
standard,m(*・´ω`・*)m,顔文字
standard,m9(`Д´),顔文字
standard,m9(・(エ)・),顔文字
standard,m9(・∀・,顔文字
standard,o(`・ω´・+o),顔文字
standard,o(`ω´*)o,顔文字
standard,o(^・x・^)o,顔文字
standard,o(_ _)o,顔文字
standard,o(・∀・)o,顔文字
standard,o(;>△<)o,顔文字
standard,o(*'▽'*)/☆゚’,顔文字
standard,o(〃・◇・〃)ゞ,顔文字
standard,o(>ω<*)o,顔文字
standard,o(≧ω≦)o,顔文字
standard,o(TωT)o,顔文字
standard,p'ω`*q,顔文字
standard,p(*^-^*)q,顔文字
standard,pA`q,顔文字
standard,Pq'v`*),顔文字
standard,q(´・ω・`)p,顔文字
standard,U゚(T_)゚`U,顔文字
standard,v(^∀^*),顔文字
standard,v(・∀・*),顔文字
standard,w(゚△゚)w,顔文字
standard,w(゚o゚)w,顔文字
standard,δ(´д`; ),顔文字
standard,ε-(=`ω´=),顔文字
standard,ε-(o´ω`o),顔文字
standard,ε(´・●_・`)з,顔文字
standard,ε(。´・ェ・`。)з,顔文字
standard,ε(*´・∀・)з,顔文字
standard,ε(*´・ω・)з,顔文字
standard,ε(◎´・v・)з,顔文字
standard,ε=(>ε<),顔文字
standard,ε=(≧m≦),顔文字
standard,ε=ε=(怒゚Д゚)ノ,顔文字
standard,ρ(´ε`*),顔文字
standard,Σ (゚Д゚;),顔文字
standard,σ(´`*),顔文字
standard,σ(´ω`*),顔文字
standard,Σ(´Д` ),顔文字
standard,Σ(´д`;),顔文字
standard,Σ(´゚д゚`),顔文字
standard,σ(´し_`〃)ゞ,顔文字
standard,σ(-c_-´。),顔文字
standard,σ(・´ω`・),顔文字
standard,σ(・ε・〃),顔文字
standard,Σ(・ω・;ll),顔文字
standard,Σ(・ω・ノ)ノ,顔文字
standard,Σ(;゚д゚),顔文字
standard,σ('v`◎),顔文字
standard,Σ(*★UvO*)艸,顔文字
standard,σ(*бωб),顔文字
standard,σ(*ゝω・*),顔文字
standard,Σ(=゚□゚=;),顔文字
standard,Σ(=ω= ;),顔文字
standard,Σ(|||▽||| ),顔文字
standard,Σ(||゚Д゚),顔文字
standard,σ(≧ε≦o),顔文字
standard,σ(0●_0*),顔文字
standard,Σ(ll゚Д゚ll),顔文字
standard,σ(o・∀・o),顔文字
standard,σ(o'ω'o),顔文字
standard,Σ(o゚ε゚´oノ)ノ,顔文字
standard,σ(oдolll),顔文字
standard,Σ(o゚ェ゚),顔文字
standard,σ(uεu〃),顔文字
standard,σ(ΘωΘ),顔文字
standard,Σ(ω |||),顔文字
standard,Σ(゚Д゚;≡;゚д゚),顔文字
standard,Σ(゚Д゚),顔文字
standard,Σ(゚д゚|||),顔文字
standard,Σ(゚д゚ノ;)ノ,顔文字
standard,Σ(゚дノ[壁],顔文字
standard,σ(ёωё*),顔文字
standard,σ(м・ω・ё),顔文字
standard,σ(馬゚д゚鹿)☆,顔文字
standard,Σ(艸0ДQ◆)),顔文字
standard,Σ(艸VεV+☆)⌒+.゚* †,顔文字
standard,σ(ゝ∀゚◎),顔文字
standard,σ(ゝε・´★),顔文字
standard,Σ【*゚д゚*】,顔文字
standard,σ*ゝω・),顔文字
standard,Σd(・∀・*),顔文字
standard,Σd(≧∀≦*),顔文字
standard,Σd(ゝ∀・),顔文字
standard,Σd(ゝω・o),顔文字
standard,ΣΣ(゚д゚lll)!,顔文字
standard,φ(・ω・`),顔文字
standard,φ(*-ω-*) ,顔文字
standard,Ψ(`∀´)Ψ,顔文字
standard,Ωヾ(・ω・。),顔文字
standard,щ(`ω´щ),顔文字
standard,щ(゚▽゚щ),顔文字
standard,щ(゚Д゚щ),顔文字
standard,ъ(*゚∞^),顔文字
standard,つ;´・ω-)つ,顔文字
standard,ノ)゚Д゚(ヽ,顔文字
standard,ヘ(`▽´*),顔文字
standard,ヘ(・ω・`*),顔文字
standard,ヘ(* - -)ノ,顔文字
standard,ヘ(゚∀゚ヘ)アヒャ,顔文字
standard,ヘ|・∀・|ノ*~●,顔文字
standard,人'`*)⌒★,顔文字
standard,人*'A`∞)♪,顔文字
standard,人*ゝω・),顔文字
standard,川。μ_μ)σ,顔文字
standard,川o・-・)ノ ,顔文字
standard,川゚σ⊇、゚),顔文字
standard,柱|皿¯)q,顔文字
standard,壁|)≡サッ!!,顔文字
standard,壁|oノωノ),顔文字
standard,乂(゚Д゚三゚Д゚)乂,顔文字
standard,彡(-_-;)彡,顔文字
standard,艸'Д`◆,顔文字
standard,ヽ( ´_`)丿,顔文字
standard,ヽ( ´ー`)丿,顔文字
standard,ヽ( ・∀・)ノ,顔文字
standard,ヽ( ;´Д`)ノ,顔文字
standard,ヽ(`・ω・´)ノ,顔文字
standard,ヽ(`⌒´)ノ,顔文字
standard,ヽ(`Д´)ノ,顔文字
standard,ヽ(`З')ノ,顔文字
standard,ヽ(´・д・`)ノ,顔文字
standard,ヽ(´∀`。)ノ,顔文字
standard,ヽ(´□`。)ノ・゚,顔文字
standard,ヽ(´▽`)ノ,顔文字
standard,ヽ(´A`)ノ,顔文字
standard,ヽ(´ρ`)ノ,顔文字
standard,ヽ(´ー`)ノ,顔文字
standard,ヽ(^o^)丿,顔文字
standard,ヽ(^ω^)ノ,顔文字
standard,ヽ(¨)ノ,顔文字
standard,ヽ(・ω・´メ),顔文字
standard,ヽ(;´Д`)ノ,顔文字
standard,ヽ(。・c_,・。)ノ゙,顔文字
standard,ヽ(。>д<)p,顔文字
standard,ヽ(。ゝω・)ノ☆;:*,顔文字
standard,ヽ(*´∀`*)ノ.+゚,顔文字
standard,ヽ(*^∇^*)ノ,顔文字
standard,ヽ(#`・ω・)ノ,顔文字
standard,ヽ(°▽、°)ノ,顔文字
standard,ヽ(゚∀゚)メ(゚∀゚)ノ,顔文字
standard,ヽ(=´Д`=)ノ,顔文字
standard,ヽ(≧∀≦)ノ,顔文字
standard,ヽ(○`・v・)人(・v・´●)ノ,顔文字
standard,ヽ(●'`*)ノ,顔文字
standard,ヽ(●゚I゚)人(゚I゚●)ノ,顔文字
standard,ヽ(゚ω、゚)ノ,顔文字
standard,ヽ| ゝ∀・*|ノ,顔文字
standard,ヽ|・ω・|ゞ,顔文字
standard,ヾ( ^ω^)ノ,顔文字
standard,ヾ(´c_,`*),顔文字
standard,ヾ(´ε `;)ゝ,顔文字
standard,ヾ(´ω`)ノ,顔文字
standard,ヾ(^▽^ヾ),顔文字
standard,ヾ(・∀・`*),顔文字
standard,ヾ(・∀・)ノ,顔文字
standard,ヾ(・ε・`*),顔文字
standard,ヾ(。・ω・。),顔文字
standard,ヾ('ω')ノ,顔文字
standard,ヾ(*´エ`*)ノ,顔文字
standard,ヾ(*・∀・`)o,顔文字
standard,ヾ(*・ω・*)o,顔文字
standard,ヾ(*゚ω∩*),顔文字
standard,ヾ(゚∀゚ゞ),顔文字
standard,ヾ(=´・∀・`=),顔文字
standard,ヾ(=・ω・=)o,顔文字
standard,ヾ(●´∀`●),顔文字
standard,ヾ(●・v・人・v・○)ノ,顔文字
standard,ヾ(●゚゚)ノ,顔文字
standard,ヾ(o´∀`o)ノ,顔文字
standard,ヾ(o゚x゚o)ノ,顔文字
standard,ヾ(oゝω・o)ノ)),顔文字
standard,ヾ(ω` )/,顔文字
standard,ヾ(゚Д`;≡;´Д゚)ノ゙,顔文字
standard,ヾ(゚д゚)ノ゛,顔文字
standard,ヾ[・ω・`●],顔文字
standard,ヾ|`・、●・|ノ,顔文字
standard,ヾ|*´・ω・|q,顔文字
ぁぃ,(゚Д゚)ノ ァィ,顔文字
あい,( ´∀`)つ≡≡≡愛愛愛)Д`)グシャ,顔文字
あいごー,<丶`Д´>アイゴー,顔文字
あいやー,(`ハ´)アイヤー,顔文字
あいーん,(_´Д`) アイーン,顔文字
あう,ヽ(´Д`;)ノアゥ...,顔文字
あうあう,⊂ミ⊃^ω^ )⊃ アウアウ!!,顔文字
あうあうあー,(_Д_)アウアウアー,顔文字
あうあうあー,(^p^)あうあうあー,顔文字
あうと,⊂ミ⊃^ω^ )⊃ アウアウ!!,顔文字
あうー,( ゚ρ゚ )アゥー,顔文字
あきたよ,( ゚д゚)アキタヨ…,顔文字
あげ,(´∀`∩)↑age↑,顔文字
あさぴー,(-@∀@),顔文字
あさぴー,ヽ(-@∀@)ノ デッチage,顔文字
あせ,(;´∀`),顔文字
あせ,(;・∀・),顔文字
あせ,(;´Д`),顔文字
あせ,(;^ω^),顔文字
あせ,:(;゙゚'ω゚'):,顔文字
あせ,(; ・`д・´),顔文字
あたふた,アタヽ(д`ヽ彡ノ´д)ノフタ,顔文字
あちゃー,(ノ∀`)アチャー,顔文字
あちゃー,( ´゚д゚`)アチャー,顔文字
あちゃー,(ノ∀`)ノ∀`)ノ∀`)ジェトストリームアチャー,顔文字
あちー,(;´д`)ゞ アチー!!,顔文字
あっそ,(´ι _` )アッソ,顔文字
あったかーい,(*´∀`*)アッタカーイ,顔文字
あっちいけ,アッチ(・∀・)イケ!!,顔文字
あつい,ι(´Д`υ)アツィー,顔文字
あつー,(゚A゚;)アツー,顔文字
あとちょっと,アトチョット( ゚д゚)ヤン,顔文字
あなる,(゚*゚)アナルー,顔文字
あにじゃ,( ´_ゝ`),顔文字
あはぁ,(*´д`*)アハァ,顔文字
あはは,ァ '`,、'`,、('∀`) '`,、'`,、,顔文字
あはは,( ゚∀゚)アハハ八八ノヽノヽノヽノ \ / \/ \,顔文字
あひゃ,(゚∀゚)アヒャ,顔文字
あひゃ,ヘ(゚∀゚ヘ)アヒャ,顔文字
あひゃ,(゜∀。)ワヒャヒャヒャヒャヒャヒャ,顔文字
あひゃ,アッヒャッヒャ!ヽ(゚∀゚)ノアッヒャッヒャ!,顔文字
あぶねー, アブネ━━━━Σ(゚д゚;)━━━━!!,顔文字
あぼーん,αβοοη..._φ(゚∀゚ )アヒャ,顔文字
あまー,(・∀・)アマー,顔文字
あやしい,ぁゃιぃ,顔文字
あらいやだ,( ゚Д゚)アライヤダ!!,顔文字
あらま,Σ(゚Д゚;)アラマッ,顔文字
あらまぁ,(´・∀・` )アラマァ,顔文字
あらまき,/ ,' 3  `ヽーっ,顔文字
あらやだ,(゚Д゚ )アラヤダ!!,顔文字
あらやだ,(゜д゜)<あらやだ!,顔文字
ありがと,(´▽`)アリガト!,顔文字
ありがとう,アリガタマキン ( ´∀`)ノ⌒ω)Д`)ブニュ,顔文字
ありがとう,あ(・∀・)り(・∀・)が(・∀・)と(・∀・)う!,顔文字
ありゃ,Σ(゚Д゚ υ) アリャ,顔文字
あるぁ, ヽ(冫、)ノ アルァ!!,顔文字
あるぇー,(・3・)アルェー,顔文字
あわわ,アワ((゚゚дд゚゚ ))ワワ!!,顔文字
あわわ,アワワ ヽ(´Д`;≡;´Д`)丿 アワワ,顔文字
あんたもねー,( ^×^)アンタモネー,顔文字
あー,アッー!,顔文字
あーあー,(∩゚д゚)アーアーきこえなーい,顔文字
ぃょぅ,(=゚ω゚)ノぃょぅ,顔文字
ぃょぅ,( ・∀・)ノィョ-ゥ,顔文字
ぃょぅ,( ゚∀゚)ノィョ―ゥ,顔文字
ぃょぅ,( ´ⅴ`)ノィョ―ゥ,顔文字
いい,(・∀・)イイ!!,顔文字
いい,( ・∀・)イイ!!,顔文字
いいこといった,(・∀・)イイコトイッタ!!,顔文字
いいね,(・∀・)イイネ!!,顔文字
いいはなし,( ;∀;) イイハナシダナー,顔文字
いいよー,(・∀・)イイヨイイヨー,顔文字
いいんでねーの,(゚з゚)イインデネーノ?,顔文字
いえい,v(¯Д¯)v イエイ,顔文字
いえーい,☆-(ノ゚Д゚)八(゚Д゚ )ノイエーイ,顔文字
いえーい,イェ━━━━━ヽ( ゚Д゚)人(゚Д゚ )ノ━━━━━━イ!!,顔文字
いかがなものか,| ゚Д゚| ノ イカガナモノカ,顔文字
いかす,Σd(゚∀゚d)イカス!,顔文字
いかり,(#・∀・),顔文字
いかり,(# ゚Д゚),顔文字
いかり,(#^ω^),顔文字
いきろ,つωT`)ヾ (゚Д゚ )…イ㌔,顔文字
いぎあり,( ゚Д゚)_σ異議あり!!,顔文字
いくない,(・A・)イクナイ!!,顔文字
いくない,イイ(・∀・A・)クナイ!,顔文字
いくない,イクナ--(゚∀゚)-( ゚∀)-(  ゚)-(  )-(  )-(゚  )-(A゚ )-(゚A゚)--イ!!!!,顔文字
いけぬま,(^q^),顔文字
いじめ,( ・∀・ )ノ イジメカコワルイ,顔文字
いた,Σ(゚Д゚ υ) イタ!!,顔文字
いたい,(;´∀`)…痛いなぁ…,顔文字
いたー,イタ━━━━(゚∀゚)━━━━!!,顔文字
いってきます,ε=ε=ヽ( ゚Д゚)ノ 逝ッテキマース,顔文字
いってきます,ε=ε=ε=ヾ(´∀`*)ノ イッテキマース,顔文字
いってくる,∧||∧ 逝ッテクル…,顔文字
いってよし,イッテ( ゚д゚)(゚д゚ )ヨシ,顔文字
いってよし,( ゚Д゚)イッテヨスィ,顔文字
いってよち,( ・Д・)いってよち,顔文字
いってらっしゃい,ヾ( ゚Д゚)ノ゛逝ッテラッシャーイ,顔文字
いってらー,┌( ゚Д゚)ノ イッテラー,顔文字
いってらーん,イッテラ━━━━━━ヽ(´∀`ヽ)━━━━━━ン!!!!,顔文字
いねー,イネ━━━━(゚д゚;)━━━━!!,顔文字
いひ,( ´,_ゝ`)イヒ,顔文字
いまおきたよ,(;´ρ`)イマオキタヨ,顔文字
いまのうち,ヽ(;´Д`)ノ ランタ タンタン♪,顔文字
いやぁ,(∀`*)ゞイヤァ,顔文字
いやぁ,( ;´Д`)いやぁぁぁぁぁー!,顔文字
いやぁん,(*´д`*)イヤァ-ン!!,顔文字
いやだわぁ,イヤダワァ*・゜゚・*:.。..。.:*・゜(n‘Д‘)η゚・*:.。. .。.:*・゜゚・* !!!!!,顔文字
いやっほー,ε=\_○ノ イヤッホーゥ!,顔文字
いやん,(/ω\)イヤン,顔文字
いやーん,イヤ━━━━(*´∀`)━━━━ン!!!!,顔文字
いらいら,(#゚Д゚)y-~~イライラ,顔文字
いらかべ,○(#゚Д゚)=(  #)≡○|壁|・∴'.,顔文字
いらっしゃい,( ´∀`)ゞ イラッシャーイ,顔文字
いらね,(゚⊿゚)イラネ,顔文字
いらね,(。A。)⌒Y⌒ ヾ( ´_ゝ`) イラネ,顔文字
いるね,(゚ж゚)イルネ,顔文字
いわせんな,イワセンナ(*^Д^*)ハズカシイ,顔文字
ういるす,(・∀・)ゥィルスー!!,顔文字
ういんく,( ゚ω^ )b,顔文字
ううっ,…(;´Д`)ウウッ…,顔文字
うぇ,ヽ(゚∀。)ノウェ,顔文字
うぇーい,( 0w0)ノ ウェーイ,顔文字
うえーん,(´Д⊂ヽウェェェン,顔文字
うえーん,・゚・(つД`)・゚・ ウェ―ン,顔文字
うおお,Σヽ(`д´;)ノ うおおおお!,顔文字
うおっ,Σ(゚Д゚),顔文字
うおっ,Σ(´Д` )ウオッ,顔文字
うざっ,(;^ω^)ウザッ,顔文字
うざー,ウザ―(゚Д゚)―ッ!!,顔文字
うざー,ウザ━━━(´∀`;)━━━!!!!,顔文字
うぜぇ,(゚Д゚)ウゼェェェ,顔文字
うぜー,(`皿´)ウゼー,顔文字
うぜー,( ´Α`)ウゼー,顔文字
うそです,* ゚・*:.。.:*・゜+ d(*´∀`)b うそです +.:*・゜゚・*:. *,顔文字
うそーん,ウソォ━━━Σ(д゚|||ノ)ノ━━━ン!?,顔文字
うっ,(´;ω;`)ウッ…,顔文字
うっうー,( ゚д゚)ウッウー,顔文字
うっとり,(人´∀`).☆.。.:*・゚,顔文字
うっとり,・:*:・(*´∀`*)ウットリ・:*:・,顔文字
うつし,゜д゜)鬱死・・・,顔文字
うはうは,((´^ω^))ゥ,、ゥ,、,顔文字
うひゃー,ウヒャ━━━━━━ヽ(゚Д゚)ノ━━━━━━!!!!,顔文字
うひょー,( ゚Д゚)ウヒョー,顔文字
うふふ,(´∀`*)ウフフ,顔文字
うまうま,(゚∀゚)ウマウマ,顔文字
うまー,(゚д゚)ウマー,顔文字
うまー,(゚д゚)ウ-(゚Д゚)マー(゚A゚)イ-…ヽ(゚∀゚)ノ…ゾォォォォォ!!!!,顔文字
うむ,( ゚д゚)ウム,顔文字
うるさい,ヽ(`Д´)ノウルサイゾ!,顔文字
うるせぇ,q(゚д゚ )ウルセェ,顔文字
うるせー,ウルセー!!(((((;`Д´)≡⊃)`Д)、;'.・,顔文字
うわ,(;^ω^)うわ、つまんね,顔文字
うわぁ,(>'A`)>ウワァァ!!,顔文字
うわぁ,(;´∀`)…うわぁ…,顔文字
うわぁ,(、_'' (o)_: ( [三] ) _(o)`_, :::) うわぁぁぁああ!!,顔文字
うわぁん,ヽ(`Д´)ノウワァァァン!!,顔文字
うわぁん,εε=ヽ( `Д´)ノ ウワァァァン,顔文字
うわぁん,ウワァァァァァァヽ(`Д´)ノァァァァァァン!,顔文字
うわーん,ヽ(`Д´)ノウワァァァン!!,顔文字
うわーん,ウワァァ-----。゚(゚´Д`゚)゚。-----ン!!!!,顔文字
うんうん,(゚д゚)(。_。)(゚д゚)(。_。) ウンウン,顔文字
うんうんお,ブリッ●彡(∪^ω^) うんうんお,顔文字
うんこ,ヽ( ・∀・)ノ ウンコー,顔文字
うんこ,(ノ・∀・)ノ=●ウンコー!!,顔文字
うんこ,( ゚∀゚)つ●ウンコクウカ? ⊂(゚∀゚ )センキュゥー♪,顔文字
うー,ウー c(`Д´c),顔文字
うーむ,(´ヘ`;)ウーム…,顔文字
うーん,(´ε`;)ウーン…,顔文字
ええ,工エエェェ(´д`)ェェエエ工,顔文字
ええ,工工工エエエエエエェェェェェェ(゚Д゚)ェェェェェェエエエエエエ工工工,顔文字
ええじゃないか,ヽ(゚д゚)ノ ええじゃないか,顔文字
ええー,(・3・)エェー!?,顔文字
ええー,エェ━━━━━( ゚Å゚;)━━━━━!!?,顔文字
えくすたしー,(*´д`*)エクスタスィー,顔文字
えぐいな,( ´ー`)< エグいな,顔文字
えっ,゚(∀) ゚ エッ?,顔文字
えっ,(´・ω`・)エッ?,顔文字
えっ,(゚Д゚≡゚Д゚)エッナニナニ?,顔文字
えっ,Σ(゚д゚) エッ!? オヨビデナイ!?,顔文字
えっち,オニーチャン(*・∀・*)エッチー!!,顔文字
えっち,グハッΣ(´Д`(○=(´∀\*)モォエッチー!!,顔文字
えっへん,(`・∀・´)エッヘン!!,顔文字
えへへ,(∀`*ゞ)エヘヘ,顔文字
えへへ,(*´σー`)エヘヘ,顔文字
えへへ,ヽ(°▽、°)ノエヘヘヘヘ,顔文字
えらいな,( ゚Å゚) < エラいな,顔文字
えろいな,( ・∀・)< エロいな,顔文字
えー,( ´゚д゚`)エー,顔文字
えー,Σ(゚Д゚;エーッ!,顔文字
えーん,(つд⊂)エーン,顔文字
おいおい,ヾ(゚Д゚ )ォィォィ,顔文字
おうっ,(¯Д¯)ノ オウッ,顔文字
おうべいか,Σ( ゚д゚ )\(゚д゚ )オウベイカ,顔文字
おえっ,(´ж`;)ォ・・ォェッ・・・,顔文字
おえー,オエ━━━━━━(´Д`|||)━━━━━━!!!!,顔文字
おおー,ォオー!!(゚д゚屮)屮,顔文字
おおー,ォォオオー!!ヽ(゚д゚ヽ)(ノ゚д゚)ノ オオォォー!!,顔文字
おかえり,オカ( ゚д゚)エリ,顔文字
おかえり,オカヽ(´∀` )ノエリー!!,顔文字
おかえり,ε=ヾ( ・∀・)ノ   オカエリー! ヽ(・∀・ )ノ,顔文字
おぎゃ,(^q^)おぎゃ,顔文字
おくれよ,ヽ(´ー`)ノオクレヨ,顔文字
おことわり,( ゚ω゚ ) お断りします,顔文字
おことわり,オコトワリ━━━( ゚ω゚ )━━━!!!!,顔文字
おさいせん,( ゚Д゚)ノ⌒⑤┃奉納┃,顔文字
おさげ,⌒゚( ´∀`)゚⌒オサゲ,顔文字
おしり,(´∀`(⊃*⊂),顔文字
おせぇよ,オセェヨ( ゚д゚)、ペッ,顔文字
おせんこう,( ゚д゚)つ┃~~~,顔文字
おちゃ,( ゚Д゚)⊃旦 チャノメヤ,顔文字
おちゃ,(・∀・)つ目 オチャノメ!,顔文字
おっ,( ^ω^)おっ,顔文字
おっ,(^ω^ ≡ ^ω^)おっおっおっ,顔文字
おっけー,( `д´)b オッケー!,顔文字
おっけー,オッケー☆⌒d(´∀`)ノ,顔文字
おっけーい,オッケ━━━━━━ (ゝ○_○) ━━━━━━イ!!!!,顔文字
おっぱい,( ゚∀゚)o彡°おっぱい!おっぱい!,顔文字
おっふぇ,オッフェ(=゚ω゚)ノ,顔文字
おつ,( ゚ω^ )ゝ 乙であります!,顔文字
おつ,(・ω・`)乙  これは乙じゃなくてポニーテールなんだからね!,顔文字
おつ,(゚д゚ )乙 これは乙じゃなくてポニーテールなんたらかんたら,顔文字
おつかれ,(_´Д`)ノ~~オツカレー,顔文字
おつかれ,オツカレチャ━━━━( ´∀`)━━━━ン!!!!,顔文字
おてあげ,∩(・∀・)∩ モウ オテアゲダネ,顔文字
おとじゃ,(´<_` ),顔文字
おなら,○|¯|_ =3 ブッ,顔文字
おなら,(゚д゚( ::: * ::: ) =3 ブッ,顔文字
おはよう,( ノ゚Д゚)おはよう,顔文字
おはよー,(^o^)ノ < おはよー,顔文字
おばけ,オバケェ~ヘ(゚д゚ヘ))))))~,顔文字
おひさ,オヒサ☆^v(*´Д`)人(´Д`*)v^☆オヒサ,顔文字
おまえがなー,( ‘∀‘)オマエガナー,顔文字
おまえもなー,( ´∀`)オマエモナー,顔文字
おまえもなー,オマエモナー(=゚ω゚)つ)゚∀゚)グァ,顔文字
おめでた,オメデタ━━━━( ∀ )゚゚━━━━!!,顔文字
おめでとう,お(・∀・)め(・∀・)で(・∀・)と(・∀・)う!,顔文字
おもすれー,( ^ω^)おもすれー,顔文字
おもー,( >Д<;)オモー,顔文字
おやすみ,(つ∀-)オヤスミー,顔文字
おやすみ,(^o^)ノ < おやすみー,顔文字
おら,( ゚Д゚)オラ,顔文字
おれ,σ(゚∀゚ )オレ,顔文字
おれもなー,(^∀^ヾ|オレモナー,顔文字
おろおろ,ヽ(д`ヽ)。。オロオロ。。(ノ´д)ノ,顔文字
おわた,\(^o^)/,顔文字
おわた,/(^o^)\,顔文字
おわた,\(^o^)/オワタ,顔文字
おわた,人生オワタ\(^o^)/,顔文字
おわた,|←樹海|     ┗(^o^ )┓三,顔文字
おわったな,(・ー・) オワッタナ,顔文字
おんどぅる,( 0w0),顔文字
おーい,( 」゚Д゚)」オーイ!,顔文字
おーい,L(・∀・ L) オーイ  (」・∀・)」 オーイ,顔文字
かえる,(・∀・)カエル!!,顔文字
かえれ,(・∀・)カエレ!!,顔文字
かえれ,荒らしキタ━(゚∀゚)━( ゚∀)━(  ゚)━(  )━(  )━(・  )━(∀・ )━(・∀・)━カエレ!!!!,顔文字
かお,('A`),顔文字
かお,(゚∀゚),顔文字
かお,(゚Д゚),顔文字
かお,(´∀`),顔文字
かお,(´Д`),顔文字
かお,(・∀・),顔文字
かお,( ゚д゚ ),顔文字
かお,(^ν^),顔文字
かお,(^ω^),顔文字
かお,(・´з`・),顔文字
かお,(´・ω・`),顔文字
かお,(`・ω・´),顔文字
かかってこい,カカッテコイ!щ(゚Д゚щ),顔文字
かきかき,φ(`д´)カキカキ,顔文字
かこいい,カコ(・∀・)イイ!!,顔文字
かさかさ, 癶(癶;゚ё゚;)癶 カサカサ,顔文字
かぱー,ω(゚ω゚)ω カパー,顔文字
かぷんこ,(・∀・)ノカプンコ!,顔文字
かみ,ネ申,顔文字
かみ,(゚∀゚)神のヨカーン,顔文字
かめら,パシャッ! Σp[【◎】]ω・´),顔文字
かめん,<=( ´∀`),顔文字
かもぉん,(屮゚Д゚)屮カモォォォン,顔文字
かもぉん,カモォォォ━━━━━(屮゚Д゚)屮━━━━━ン!!!!!!,顔文字
かもーん,~ヘ(´ー`*) カモーン,顔文字
かもーん,щ(゚д゚щ)カモーン,顔文字
かもーん,カモ━━━━щ(゚д゚щ)━━━━ン!!,顔文字
かゆい,(δ´ω`)カユイ,顔文字
かるしうむ,(  ゚Д゚)⊃⌒>゜)))彡 カルシウムとれやフォルァ!!,顔文字
かわいい,カワ(・∀・)イイ!!,顔文字
かわいそす,(´・ω・)カワイソス,顔文字
かんさつ,|д゚)カンサツ,顔文字
かんどう,ミミ彡 ¯゚¯' 〈¯゚¯ .|ミミ彡  正直、感動した,顔文字
かんどー,( ;∀;) カンドーシタ,顔文字
かーちゃん,J( 'ー`)し,顔文字
かーちゃん,J( 'A`)し,顔文字
がいしゅつ,( 》 ゚Д゚)ガイシュツです,顔文字
がいじん,(゚⊇゚)ガイジソー,顔文字
がおー,ヽ(゚皿゚)ヽ ガオー!!,顔文字
がくぶる,((((;゚Д゚))))ガクガクブルブル,顔文字
がくぶる,(((((((( ;゚Д゚))))))))ガクガクブルブルガタガタブルブル,顔文字
がっ,■━⊂( ・∀・) 彡 ガッ☆`Д´)ノ,顔文字
がっ,ヽ( ・∀・)ノ┌┛ガッΣ(ノ`Д´)ノ,顔文字
がっかり,(´・ω・`)ガッカリ…,顔文字
がっくり,_|¯|○,顔文字
がなー,( ‘∀‘),顔文字
がんがれ,ガン( ゚д゚)ガレ,顔文字
がんがれ,(,,゚Д゚) ガンガレ!,顔文字
がーん,Σ(゚д゚lll)ガーン,顔文字
がーん,ガ━━(;゚Д゚)━━ン!!,顔文字
がーん,ガ━━(;゚Д゚)━( ゚Д)━(  ゚)━(   )━(゚;  )━(Д゚; )━(゚Д゚;)━━ン!!!!!,顔文字
きかー,帰化━━━< `Д´>━< `Д>━< `>━<   >━( ` )>━(∀`)>━<(´∀` )>━━━!!!!,顔文字
きがー,<丶´Д`>,顔文字
きこえない,(∩゚д゚)アーアーきこえなーい,顔文字
きじょ,J(`ー´)し,顔文字
きたこれ,(゚∀゚)キタコレ!!,顔文字
きたねーよ,ミ´ー`彡キタネーヨ,顔文字
きたわぁ,キタワァ*・゜゚・*:.。..。.:*・゜(n‘∀‘)η゚・*:.。. .。.:*・゜゚・*!!!!,顔文字
きたわぁ,キタワァ━━━━━━(n‘∀‘)η━━━━━━!!!!,顔文字
きたー,キタ━(゚∀゚)━!,顔文字
きたー,キタ━━━━(゚∀゚)━━━━!!,顔文字
きたー,キタ━━━━(゚∀゚)━━━━ッ!!,顔文字
きたー,キタ━ヽ( ゚∀゚)ノ┌┛)`Д゚)・;'━!!,顔文字
きたー,キタ━━━(Д゚(○=(゚∀゚)=○)Д゚)━━━!!,顔文字
きたー,キタ━━━ヽ(∀゚ )人(゚∀゚)人( ゚∀)ノ━━━!!,顔文字
きたー,キタ━━○(#゚∀゚)=(  #)≡○)Д`)・∴'.━━ッ!!!!,顔文字
きたー,キタキタキタキタ━━━(゚∀゚≡(゚∀゚≡゚∀゚)≡゚∀゚)━━━━!!,顔文字
きたー,キタ━━(゚∀゚)⌒Y⌒(。A。)⌒Y⌒(゚∀゚)⌒Y⌒(。A。)⌒Y⌒(゚∀゚)━━!!,顔文字
きたー,キタ━━━(゚∀゚)━( ゚∀)━(  ゚)━(  )━(  )━(゚  )━(∀゚ )━(゚∀゚)━━━!!,顔文字
きたー,キタ━(゚∀゚)━┥東│東│東│  │  │  │発│発│発│中│中│中│北┝┥北┝━(゚∀゚)━!!!!,顔文字
きたー,キタ━━━━━━━━m9( ゚∀゚)━━━━━━━━!!,顔文字
きたー,キタ - .∵・(゚∀゚)・∵. - ッ!!,顔文字
きたー,キタ*・゜゚・*:.。..。.:*・゜(゚∀゚)゚・*:.。. .。.:*・゜゚・*!!!!,顔文字
きたー,キタ─¯─_─¯─(゚∀゚)─¯─_─¯─!!!!,顔文字
きたー,キタ─wwヘ√レvv~(゚∀゚)─wwヘ√レvv~─!!,顔文字
きたー,キタ――(゚∀゚)――!!,顔文字
きたー,JR━―━―━(゚∀゚)━―━―━―!!,顔文字
きっく,ヽ( ・∀・)ノ┌┛Σ(ノ `Д´)ノ,顔文字
きっく,Σ(゚∀´(┗┐ヽ(・∀・ )ノ,顔文字
きてたー,キテタ━━━━(゚∀゚)━━━━!!!!,顔文字
きてない,キ━(゚∀゚)━( ゚∀)━( ゚)━( )━(` )━(Д` )━⊃Д`)━テナイ,顔文字
きにしない,(゚ε゚)キニシナイ!!,顔文字
きねんかきこ,記念火気庫ヽ( ´∀`)ノ ボッ,顔文字
きむち,< ゚д゚>キムチ,顔文字
きめぇ,(;^Д^)キメェ,顔文字
きもっ,( ´Д`)キモッ,顔文字
きもー,キモ━━━( ´;゚;ё;゚;)━━━!!!!,顔文字
きゃっ,ヾ(*´∀`*)ノキャッキャ,顔文字
きゃっ,ヽ(・∀・ )ノ キャッ キャッ,顔文字
きゃっほーい,ヽ(*´∀`)ノ キャッホーイ!!,顔文字
きゃぴ,☆(ゝω・)vキャピ,顔文字
きゃー,Σ(゚∀゚ノ)ノキャー,顔文字
きゃー,キャ━━━━(゚∀゚)━━━━!!,顔文字
きゅん,(゚∀゚)ノ キュンキュン!,顔文字
きょろ,o(゚Д゚ = ゚Д゚)o キョロキョロ,顔文字
きらり,(¯ー+¯)キラリ,顔文字
きりっ,( ー`дー´)キリッ,顔文字
きんもー,きんもーっ☆,顔文字
きーっ,( ゚皿゚)キーッ!!,顔文字
ぎくっ,Σ(゚Д゚;)ギクッ,顔文字
ぎくっ,ギク━━━━━━(゚A゚;)━━━━━ッ!!!!,顔文字
ぎこ,(,,゚Д゚),顔文字
ぎこえもん,((=゚Д゚=),顔文字
ぎゃがーん,ギャガ━━━━Σ(゚д゚lll)━━━━ン!!!!,顔文字
ぎゃは,(^Д^)ギャハ,顔文字
ぎゃはは,。゚(゚^Д^゚)゚。ギャハハ八八ノヽノヽノヽノ \ / \/ \,顔文字
ぎゃはは,。゚(゚^∀^゚)゚。ギャーハッハッハッハッハッハハッハッハッハッハッハ !!,顔文字
ぎゃー,ギャアァァァァ━━━━━━(|||゚Д゚)━━━━━━!!!!!!,顔文字
くうきよめ,(クウキヨメテネーヨ…)○0o。( ´ー`)♂∥空気∥   ●Д゚,,)<カラケ,顔文字
くえ,( ・∀・)つ~ クエ !!,顔文字
くくく,( ´,_ゝ`)クックック・・・( ´∀`)フハハハハ・・・(  ゚∀゚)ハァーハッハッハッハ!!,顔文字
くさっ,Σ(゚ё゚ノ)ノ クサッ!!,顔文字
くさー,(゚ё゚)クサー,顔文字
くさー,クサ━━━━━(`Д´)━━━━━ッ!!!,顔文字
くしゃみ,( >д<)、;'.・ ィクシッ,顔文字
くせぇ,(゚ν゚)クセェ,顔文字
くせー,ウンチクセー>(゚∀゚ )( ゚∀゚)<ウンチクセー,顔文字
くそすれ,| ^o^ |  なんという糞スレ・・・,顔文字
くだらねー,( ´дゝ`)クダラネー,顔文字
くちぶえ,♪~(´ε` ),顔文字
くっ,クッ……ヤラ( ゚∀゚ )レタ!!!,顔文字
くっくる,( ゚∋゚),顔文字
くびつり,∧||∧,顔文字
くまー,(・(ェ)・),顔文字
くまー,(´(ェ)`),顔文字
くるなー,クルナ━━━━━━( ゚Д゚)┛━━━━━━!!,顔文字
くるわぁ,クルワァ*・゜゚・*:.。..。.:*・゜(n‘∀‘)η゚・*:.。. .。.:*・゜゚・*!!!!,顔文字
くるー,クル━━━━(゚∀゚)━━━━!!,顔文字
くるー,クル━━━━(゚∀゚)━━━━??,顔文字
くるー,クル━(゚∀゚)━キットクル━(゚∀゚)━( ゚∀)━(  ゚)━(  )━(゚  )━(∀゚ )━(゚∀゚)━!!,顔文字
くれ,( ゚д゚)クレ,顔文字
くれ,(ヽ゚д)クレ,顔文字
くれよ,ヽ(`Д´)ノクレヨ,顔文字
くわっ,( ゚д゚ )クワッ!!,顔文字
ぐすん,(´Д⊂グスン,顔文字
ぐっ,( ´∀`)bグッ!,顔文字
ぐっじょぶ,ъ(゚Д゚)グッジョブ!!,顔文字
ぐったり,(ヽ´ω`),顔文字
ぐぬぬ,(;^ν^)ぐぬぬ…,顔文字
ぐはっ,( ゚∀゚)・∵. グハッ!!,顔文字
ぐふぅー,(;゙゚'ω゚'):グフゥ-,顔文字
ぐふっ,( ゚Д゚)・∵. グフッ!!,顔文字
ぐふふ,(`ω´)グフフ,顔文字
ぐらっちぇ,( ゚Д゚)グラッチェ,顔文字
ぐりぐり,( ‘д‘)つ))`Д´)グリグリ,顔文字
けいれい,(`・ω・´)ゞ,顔文字
けいれい,/)`;ω;´),顔文字
けけけ,Ψ(`∀´)Ψケケケ,顔文字
けこーん,ケコ―('A`)人('A`)―ン,顔文字
けこーん,ケコ━━━━(・∀・)人(・∀・)━━━━ン,顔文字
けっ,( `д´) ケッ!,顔文字
けっさく,(´∇`)ケッサク,顔文字
けらけら,((´∀`))ケラケラ,顔文字
けんもうくん,(ヽ´ん`),顔文字
げっ,Σ( ゚∀)ゲッ!!,顔文字
げっ,Σ(・∀・|||)ゲッ!!,顔文字
げっそり,(ヽ'ω`),顔文字
げっそり,<丶´Д`>ゲッソリ,顔文字
げっつ,(σ・∀・)σゲッツ!!,顔文字
げっぷ,( ´З`)=3 ゲップ,顔文字
げら,(^∀^)ゲラゲラ シネヤカスドモ,顔文字
げらげら,( ^∀^)ゲラゲラ,顔文字
げろげろ,(;´Д`)ゲロゲロ,顔文字
こいや,( ゚Д゚)∂゛チョットコイヤ,顔文字
こいやぁ,(д´(⊃⌒*⌒⊂) コイヤァァァァ!!,顔文字
こうなった,( ^ω^ )どうしてこうなった!,顔文字
こそこそ,((((((~ ´∀`)~コソコソ…,顔文字
こそーり,|゚Д゚)))コソーリ!!!!,顔文字
こっそり,( ´ノД`)コッソリ,顔文字
ことわる,(乂∀・)┌┛)`д)・∵.コトワル!,顔文字
こないわぁ,コナイワァ*・゜゚・*:.。..。.:*・゜(n‘д‘)η゚・*:.。. .。.:*・゜゚・*!!!!,顔文字
こねー,コネ━━━━(゚д゚;)━━━━!!,顔文字
こねー,コネ━━━━━('A`)━━━━━!!,顔文字
こねー,コネ━━(゚Д゚)━( ゚Д)━(  ゚)━(  )━(  )━(゚  )━(Д゚ )━(゚Д゚)━━!!!!,顔文字
このこの,コノコノ( ´∀`)σ)゚Д゚;),顔文字
このやろう,(´・ω・)9 このやろう,顔文字
こら,コラコラコラコラ~ッ!(`o´),顔文字
こら,(`・д・´)コラ、ヤメタマエ!!,顔文字
ころしあえー,(^o^) ノ<ころしあえー,顔文字
ころぬ,(・x・)コロヌ,顔文字
こわい,ガクガク(((n;‘Д‘))ηナンダカコワイワァ,顔文字
こわれた,∑(・∀・) コワレタ !!,顔文字
こわー,コッ、コワ━━━━━(((( ;゚Д゚))))━━━━━━ッ!!!,顔文字
こんにちわ,( ノ゚Д゚)こんにちわ,顔文字
こんぬづわ,´ω`)ノ こんぬづわ,顔文字
こんばんわ,( ノ゚Д゚)こんばんわ,顔文字
ごくり,(;゚д゚)ゴクリ…,顔文字
ごくり,(; ・`д・´)…ゴクリ…(`・д´・ ;),顔文字
ごしごし,(つд⊂)ゴシゴシ,顔文字
ごしごし,(;゚ Д゚) …!?,顔文字
ごにょ,ゴニョゴニョ…(ノ゚д゚(;¯Д¯),顔文字
ごばーく,ゴバ━━━━(゚∀゚)━━━━ク!!!!,顔文字
ごほごほ,(||´Д`)o=3=3=3 ゴホゴホ,顔文字
ごめいふく,( ゚д゚)つ┃~~~,顔文字
ごめん,(m´・ω・`)m ゴメン…,顔文字
ごめん,( TДT)ゴメンヨー,顔文字
ごらぁ,《゚Д゚》ゴラァァァァァァァァァァァァア!!,顔文字
ごるぁ,(゚Д゚)ゴルァ!!,顔文字
ごるぁ,(#゚Д゚)ゴルァ!!,顔文字
ごるぁ,ゴ━━━━(# ゚Д゚)━━━━ルァ!!,顔文字
さいかい,---------- 再開 -----------,顔文字
さいたま,( ゚∀゚ ),顔文字
さくせす,ヽ( ^ω^)ノサクセス!,顔文字
さげ,q(゚д゚ )↓sage↓,顔文字
さげろ,⌒゚( ゚Д゚)゚⌒ サゲロ!!,顔文字
ささっ,ε=ε=ε=┌(;゚д゚)┘ササッ,顔文字
さすが,( ´_ゝ`)(´<_`  ) 流石だよな俺ら。,顔文字
さっ,|彡サッ,顔文字
さむい,:(;゙゚'ω゚'):サムィー,顔文字
さむー,((((;゚Д゚))))サムー,顔文字
さよなら,サヨーナラー(_´Д`)ノ~~.。・:*:・゚`☆、。・:*:・゚`★*,顔文字
さんきゅー,♪♪♪ d(`Д´)b♪♪♪サンキュー,顔文字
さんくす,d(゚Д゚ )☆スペシャルサンクス☆( ゚Д゚)b,顔文字
ざまぁ,m9(^Д^)9mザマァ,顔文字
ざまぁ,ザマァ━━━━━━m9(^Д^)9m━━━━━━!!!!!!,顔文字
ざわざわ,( ; ゚д)ザワ(;゚д゚;)ザワ(д゚; ),顔文字
しぃ,(*゚ー゚),顔文字
しくしく,(ノД`)シクシク,顔文字
しっ,U>ω<)ノ シッ!!,顔文字
しつもん,( ゚д゚)ノ ハイ!シツモーン!,顔文字
しつもん,∩( ´Α`)< 先生、「・・・」ってどうよ?,顔文字
しなちく,ヾ( ゚д゚)ノ゛シナチクー,顔文字
しなー,( `ハ´),顔文字
しなー,シナ━━━━━━( `ハ´)━━━━━━!!!!,顔文字
しね,( ゚Д゚)<氏ね!,顔文字
しね,(^p^)しーね!しーね!,顔文字
しぶさわさん,( ´,_ノ` )y━・~~~~,顔文字
しめじ,(゚д゚)シメジ,顔文字
しゃきーん,(`・ω・´)シャキーン,顔文字
しゅうごう,( ´∀`)゚Д゚)・∀・)゚∀゚)・ω・)´_ゝ`)`∀´>¯ー¯)*゚ー゚)-_-)゚∋゚)=゚ω゚),顔文字
しゅうりょう,糸冬 了..._φ(゚∀゚ )アヒャ,顔文字
しゅうりょう,---------- 終了 -----------,顔文字
しゅた,ε=ε=ε=(┌ ^ω^)┘シュタシュタシュタ,顔文字
しょぼ,(´・ω・`),顔文字
しょぼいな,( ´・ω・`)< ショボいな,顔文字
しょぼっ,(´゚ω゚`)ショボッ,顔文字
しょぼーん,(´・ω・`),顔文字
しょぼーん,(´・ω・`)ショボーン,顔文字
しょぼーん,(´・ω:;.:... ,顔文字
しらない,((;゚Д゚)オレシラナイ,顔文字
しらね,(゚⊿゚)シラネ,顔文字
しらねーよ,( ´ー`)シラネーヨ,顔文字
しらんがな,(´・ω・`)知らんがな,顔文字
しんぎちゅう,【審議中】 ( ´・ω) (´・ω・) (・ω・`) (ω・` ),顔文字
しーっ,シーッ! d( ゚ε゚;),顔文字
しーん,(¯-¯) シーン…,顔文字
じえん,(・∀・),顔文字
じしん,地震キタ━━━━━(((゚∀゚)))━━━━━!!!!,顔文字
じしん,≡((  ´Д`)/≡= 先生!地震です!,顔文字
じゃ,|Д´)ノ 》 ジャ、マタ,顔文字
じゃぽにか,(゚Д゚)ジャポ(・∀・)ニカ!,顔文字
じょるじゅ,( ゚∀゚)o彡°,顔文字
じーちゃん,(゚<_、゚ ξ,顔文字
じーっ,(・д・)ジーッ,顔文字
すかるちのふ,/ ,' 3  `ヽーっ,顔文字
すきすきすー,(・∀・)スースキスースキスー♪,顔文字
すきーり,☆。.:*:・'゜ヽ( ´ー`)ノスキ~リ♪,顔文字
すげぇ,Σ(゚Д゚)スゲェ!!,顔文字
すげー,スゲ━━━━━━ヽ(゚Д゚)ノ━━━━━━!!!!,顔文字
すごい,ヽ〔゚Д゚〕丿 ハイスゴイスゴイ,顔文字
すずしい,~(´∀`~)スズスィー,顔文字
すっどれ,(・∀・)スッドレ!,顔文字
すっぱー,Σ(;゚*゚)スッパー!!,顔文字
すばらすぃ,(;´Д`)スッ、スバラスィ ...ハァハァ,顔文字
すぷれー,( ・∀・)r鹵~<≪巛;゚Д゚)ノ ウギャー,顔文字
すまそ,(´・ω・)スマソ,顔文字
すれすと,真・スレッドストッパー。。。(¯ー¯)ニヤリッ,顔文字
すれちがい,スレ (´∀`( ´∀`) チガイ,顔文字
すんすん,(・∀・)スンスンスーン♪,顔文字
すんすん,(・∀・)スンスンス-ン♪ ( ゚Д゚)ハッ! (´Д` )イェァ スンスンスンスーン♪,顔文字
ずきゅーん,(σ´Д`)σ・・・・…━━━━☆ズキューン!!,顔文字
ずこー,ヽ(・ω・)/ズコー,顔文字
ずさー,≡≡≡≡≡≡≡≡≡≡c⌒っ゚Д゚)っ,顔文字
ずさー,ズサ━━━━⊂(゚Д゚⊂⌒`つ≡≡≡━━━━!!,顔文字
せふせふ,⊂(^ω^)⊃ セフセフ!!,顔文字
せーふ,⊂(^ω^)⊃ セフセフ!!,顔文字
そうでもないよ,| ゜Θ゜)<そうでもないよ,顔文字
そっかー,('・c_・` )ソッカー,顔文字
それだ,(・∀・)ソレダ!!,顔文字
それだ,m9(゚д゚)っ ソレダッ!!,顔文字
そんなー,(´・д・`)ソンナー,顔文字
たいーほ,タイ━━━━||Φ|(|゚|∀|゚|)|Φ||━━━━ホ!!,顔文字
たいーほ,タイ━━━━||Φ|(|´|Д|`|)|Φ||━━━━ホ!!,顔文字
たくしー,(゚」゚)ノ タクシー,顔文字
たすけれ,つД`) タスケレ !!,顔文字
ただいま,ε=(ノ゚д゚)ノ タダイマー,顔文字
ただいま,|///|ヽ(゚Д゚ )ノ|///|タダイマー,顔文字
ただいま,{´ウ`}ノ <みんな・・・ただいま!,顔文字
たのむ,(人∀・)タノム,顔文字
たはー,(ノ∀`)タハー,顔文字
たばこ,( ´ー`)y-~~,顔文字
たばこ,( ゚Д゚)y─┛~~,顔文字
たばこ,( ;゚Д゚)y─┛~~,顔文字
たばこ,-y( ´Д`)。oO○,顔文字
ためいき,( ´Д`)=3,顔文字
たりー,つ´Д`)つタリー,顔文字
たーん,;y=ー( ゚д゚)・∵. ターン,顔文字
たーん,;y=ー( ゚д゚)д゚)д゚)д゚)д゚)・∵. ターン,顔文字
だいじょうぶ,(;・∀・)ダ、ダイジョウブ…?,顔文字
だっしゅ,ε≡≡ヘ( ´Д`)ノ,顔文字
だまれ,(# ゚Д゚)ダマレ!!,顔文字
だめぽ,馬犬 目 ぽ..._φ(゚∀゚ )アヒャ,顔文字
だりー,('A`)ダリー,顔文字
ちぇっ,...(´З`)チェッ,顔文字
ちしょう,(^q^),顔文字
ちっ,(・д・)チッ,顔文字
ちびぎこ,(,,・Д・),顔文字
ちびふさ,ミ,,・∀・,ミ,顔文字
ちゃぶだい,(ノ`Д´)ノ彡┻━┻,顔文字
ちゃーはん,(;`・ω・)o━ヽ_。_・_゚_・_フ)) チャーハン作るよ!,顔文字
ちゅっ,(´ε` ),顔文字
ちゅっ,(´∀`*)ε` )チュッ,顔文字
ちょうどいい,( ゚∀゚)チョウドイイ!!,顔文字
ちらっ,|д゚)チラッ,顔文字
ちらっ,(/ω・\)チラッ,顔文字
ちらねーよ,(´ー`)チラネーヨ,顔文字
ちんこ,( ゚Д゚)ノω チソコクラエッ!,顔文字
ちんちん,マダァ?(・∀・ )っ/凵⌒☆チンチン,顔文字
ちんちん,チンチンうっせーんだよ ヽ(#゚Д゚)ノ┌┛☆ ≡(;・∀・)っ/凵,顔文字
ちんぽ,(・∀・)チンポー!!,顔文字
ちんぽっぽ,(*‘ω‘ *),顔文字
ちーん,Ω\ζ°)チーン,顔文字
っぱ,(・ω・)ノ■ ッパ,顔文字
つうほう,m9(`Д´)通報しますた!,顔文字
つうほう,( ・∀)人(∀・ )通報しますた!,顔文字
つづけたまえ,(´^ω^`)ツヅケタマエ!,顔文字
つぶしあえー,(^o^)ノ<つぶしあえー,顔文字
つまんね,(゚⊿゚)ツマンネ,顔文字
つまんね,(;^ω^)うわ、つまんね,顔文字
つんつん,( ´_ゝ`)σ)Д`)ツンツン,顔文字
つー,(*゚∀゚),顔文字
てかてか,+(0゚・∀・) + テカテカ   +,顔文字
てなー,( ´曲`),顔文字
てへっ,(∀`*ゞ)テヘッ,顔文字
てぽどん,テポ( ゚д゚)ドン,顔文字
てれ,(*´∀`),顔文字
てれ,(*´Д`),顔文字
てれ,(ノ´∀`*),顔文字
てれ,(*´∀`*),顔文字
てれ,(*´ω`*),顔文字
てれほまん,/´∀`;::::\,顔文字
てんす,(^p^),顔文字
でたー,デタ━━━゚(∀)゚━━━!!,顔文字
でたー,デタ━━━━━━━━m9( ゚∀゚)人(゚∀゚ )9m━━━━━━━━!!,顔文字
でふらぐさん,[゚д゚],顔文字
でぶ,( ´)Д(`),顔文字
でむぱ,(・∀・)デムパ!!,顔文字
でんぱ,( ( ( ( ( (゚∀゚) ) ) ) ) ) デンパ,顔文字
といれ,ε=(ノ゚Д゚)ノ ∥WC∥,顔文字
といれ,∥WC∥ フゥッ♪~ヽ( ´ー`)ノ,顔文字
とけねーよ,(゜η゜) トケネーヨ,顔文字
とつげき,(-(-д(-д(`д´)д-)д-)-)『突撃ぃ~~!』,顔文字
とほほ,(;´д`)トホホ…,顔文字
とほー,(´ω`)‥トホー,顔文字
とぼとぼ,|出口| λ............トボトボ,顔文字
とやま,(゚д゚)トヤマ,顔文字
とらうま,(||  ゚Д゚)トラウマー,顔文字
とららー,┝・∀・┥,顔文字
とん,( ・ω・) ㌧,顔文字
とんどる,ヽ(゚∀゚)ノ ㌧㌦!,顔文字
とんどる,アッヒャッヒャ!ヽ(゚∀゚)ノ ㌧㌦! ㌧㌦!,顔文字
どうして,( ^ω^ )どうしてこうなった!?,顔文字
どうにでも,∩(´・ω・`)つ―*'``*:.。. .。.:*・゜゚・* もうどうにでもな~れ,顔文字
どかーん,( ゚д゚)ドカーン!!,顔文字
どきっ,Σ(´∀`||;)ドキッ!!,顔文字
どくお,('A`),顔文字
どくお,('∀`),顔文字
どこ,(゚Д゚≡゚Д゚)ドコドコ?,顔文字
どこじゃ,ここはどこじゃ>(´ム` ),顔文字
どぞー,( ゚д゚)ノ○ チンセイザイ ドゾー,顔文字
どぞー,( ゚д゚)つ(:゚::) ミカンデモ ドゾー,顔文字
どてっ,⊂⌒~⊃。Д。)⊃ ドテッ,顔文字
ども,ドモヽ(´Д` ) ( ´Д`)ノドモ,顔文字
どるぁ,( ゚Д゚)ドルァ!!,顔文字
どんまい,ドン( ゚д゚)マイ,顔文字
どーん,m9( ゚Д゚) ドーン!,顔文字
どーん,ド━(゚Д゚)━ン!!,顔文字
どーん,ド━━━━m9(゚∀゚)━━━━ン!!,顔文字
ないない,(ヾノ・∀・`)ナイナイ,顔文字
なおるよ,('(゚∀゚∩ なおるよ!,顔文字
なかのひと,(´∀`|Д・)っ|)<中の人などいない!,顔文字
なかーま,(゚∀゚)人(゚∀゚)ナカーマ,顔文字
なかーま,('A`)人('A`)ナカーマ,顔文字
なかーま,( ´∀`)人(´∀` )ナカーマ,顔文字
なくな,。・゚・(ノД`)ヽ(゚Д゚ )ナクナ ゴラァ!!,顔文字
なけた,ηακετα..._φ(TдT ) ウゥ…,顔文字
なでなで,。・゚・(ノД`)ヾ(゚Д゚ )ナデナデ,顔文字
なにか,(゚Д゚ )ナニカ?,顔文字
なにか,( ´Д`)なにか?,顔文字
なにこれ,ヘ(゚д゚)ノ ナニコレ?,顔文字
なみだ,(´Д⊂ヽ,顔文字
なみだ,( ;∀;),顔文字
なみだ,(´;ω;`),顔文字
なみだ,。゚(゚´Д`゚)゚。,顔文字
なみだ,。・゚・(ノД`)・゚・。,顔文字
なみだ,つД`)・゚・。・゚゚・*:.。..。.:*・゚,顔文字
なみだ,うあ゙ぁあ ・゚・(´Д⊂ヽ・゚・ あ゙ぁあぁ゙ああぁぁうあ゙ぁあ゙ぁぁ,顔文字
なみだふけよ,( ´∀`)つ□ 涙拭けよ,顔文字
なむー,(-∧-;) ナムー,顔文字
なんだって,(ω・ )ゝ なんだって?,顔文字
なんだってー,(; ・`д・´) ナ、ナンダッテー!! (`・д´・ ;),顔文字
なんだってー,Ω ΩΩ< な、なんだってー!!,顔文字
なんだと,(@益@ .:;)ナンダト,顔文字
なんだと,( ・`ω・´)ナン…ダト!?,顔文字
なんてこったい,/(^o^)\ナンテコッタイ,顔文字
なんですとー,(;・∀・) ナン! (; ∀・)・ デス!! (; ∀ )・・ トー!!!,顔文字
なんでだろう,ナンデダロ~ォ♪((乂(゚д゚ ;)≡(; ゚д゚)乂))ナンデダロ~♪,顔文字
なんでやねん,ッテナンデヤネン┌(`Д´)ノ)゚∀゚),顔文字
なんでやねん,( ´∀`)Σ⊂(゚Д゚ ) なんでやねん!,顔文字
にぎゃー,m9<^Д^>ニギャー,顔文字
にくこぷーん,(・∀・)つ∴ ニクコプーンクエ!,顔文字
にこっ,( ^,_ゝ^)ニコッ,顔文字
にこにこ,( ^ω^ )ニコニコ,顔文字
にだだー,<丶・∀・>,顔文字
にだー,<丶`∀´>,顔文字
にだー,<丶`Д´>,顔文字
にだー,<#`Д´>,顔文字
にだー,<丶`∀´>ウェーハッハッハ,顔文字
にだー,<丶`∀´>謝罪と賠償を要求ニダ,顔文字
にだー,ニダ━━━━━━<丶`∀´>━━━━━━!!!!,顔文字
にゃんにゃんお,( =^ω^)にゃんにゃんお!,顔文字
にゃんぽこー,(゚ω゚)ニャンポコー,顔文字
にやにや,(・∀・)ニヤニヤ,顔文字
にやり,(¯ー¯)ニヤリ,顔文字
にゅっ,(^ν^),顔文字
にゅっ,( ^ν^),顔文字
にゅっ,( ´ν`),顔文字
にゅっ,(;^ν^),顔文字
にゅーそくん,{´┴`},顔文字
にゅーそくん,{´ウ`},顔文字
にんじゃ,|/゚U゚|丿,顔文字
ぬおっ,Σ(゚д゚`)ヌオッ!!,顔文字
ぬっへっほー,(・∀・∀・)ヌッヘッホー,顔文字
ぬるこ,/ ´_ゝ`)すいません、通りますよ,顔文字
ぬるぽ,( ´∀`)<ぬるぽ,顔文字
ねぇ,ヾ(・д・` )ネェネェ,顔文字
ねっ,(b´∀`)ネッ!,顔文字
ねむい,(´ぅω・`)ネムイ,顔文字
ねむい,( ゚Д゚)ネムヒー,顔文字
ねむー,(っA`)ネムー,顔文字
ねむー,(ノД`)~゜。ネムー,顔文字
ねれねー,ネレネ━━━(゚Д゚;)━━━!!!,顔文字
ねー,( ´゚д゚)(゚д゚` )ネー,顔文字
ねー,(*´・ω・)(・ω・`*)ネー,顔文字
ねーの,( `ー´)いいんじゃネーノ?,顔文字
のろい,( ゚Д゚)<呪呪呪呪呪呪呪呪呪,顔文字
のろまーす,(ΦДΦ)呪まーす,顔文字
のー,ノォォ━(゚∀゚)━( ゚∀)━( ゚)━(   )━(゚ )━(д゚ ;)━(゚д゚;)━━ッ!!!!,顔文字
はぁ,(゚Д゚)ハァ?,顔文字
はぁ,( ゚Д゚)ハァ?,顔文字
はぁ,ハァハァ(*´д`*)━( *´д )━(  *´)━(  )━(゚  )━(Д゚ )━(゚Д゚)ハァ?,顔文字
はぁ,(´Д`)ハァ…,顔文字
はぁぁ,  ヾ( ゚д゚)ノ゛ハァァァァァ・・・・・・・!  ,顔文字
はぁはぁ,(;゚∀゚)=3ハァハァ,顔文字
はぁはぁ,(;´Д`)ハァハァ,顔文字
はぁはぁ,(*´Д`)ハァハァ,顔文字
はぁはぁ,(:.;゚;Д;゚;.:)ハァハァ,顔文字
はぁはぁ,(;´Д`)ハァハァ/lァ/lァ/ヽァ/ヽァ ノ \ア ノ \ア / \ ア / \ ア,顔文字
はい,'`ィ (゚д゚)/,顔文字
はいはい,'`ィ'`ィ ┐(´Д`┌,顔文字
はいはい,ヾ(゚∀゚)ノ ハイハイ!,顔文字
はぅ,(´д⊂)‥ハゥ,顔文字
はけーん,ハヶ━m9( ゚д゚)っ━ン!!,顔文字
はじまた,\(^o^)/ハジマタ,顔文字
はずかしー,(/ω\)ハズカシーィ,顔文字
はっ,( ゚д゚)ハッ!,顔文字
はっ,(;・∀・)ハッ?,顔文字
はっする,ハッスル!!└(゚∀゚└) (┘゚∀゚)┘ハッスル!!,顔文字
ははは,'`,、('∀`) '`,、,顔文字
ははは,( ´,_ゝ`)クックック・・・( ´∀`)フハハハハ・・・(  ゚∀゚)ハァーハッハッハッハ!!,顔文字
はめはめ,(ノ゚∀゚)ノ はめはめ,顔文字
はーい,ヽ| l l│<ハーイ,顔文字
ばいばい,( ´Д`)ノ~バイバイ,顔文字
ばいばい,(´∀`*)ノシ バイバイ,顔文字
ばいぶ,(;´Д`)ノθ゙゙ ヴイィィィィン,顔文字
ばか,βακα..._φ(゚∀゚ )アヒャ,顔文字
ばかじゃねーの,(  ゚,_ゝ゚)バカジャネーノ,顔文字
ばかー,バカーヾ(゚д゚)ノ゛,顔文字
ばっちり,d( ^ω゚ )バッチリ!!,顔文字
ばりやー,( ( ( ( ( ヾ( ゚д゚)ノ゛ ) ) ) ) ) バリヤー,顔文字
ばんざーい,ヽ(´ー`)ノバンザーイ,顔文字
ばんじゃーい,∩( ・ω・)∩ ばんじゃーい,顔文字
ばんばん,( ;゚皿゚)ノシΣバンバン!!,顔文字
ばーか,(゚д゚)バーカ,顔文字
ばーか,ヽ(`Д´)ノバーヤ,顔文字
ばーちゃん,(´ーヽ`ξ,顔文字
ぱしへろんだす,(^q^)ぱしへろんだす,顔文字
ぱちぱち,( ゚Д゚ノノ"☆パチパチパチパチ,顔文字
ぱっ,ヽ(゚∀゚)ノ パッ☆,顔文字
ぱっしょん,(*´д`*)パッション!!,顔文字
ぱんち,ブフッ∵(´ε(○=(゚∀゚ ),顔文字
ぱんち,○(#゚Д゚)=(  #)≡○)Д`)・∴'.,顔文字
ぱんち,c(`・ω´・ c)っ≡つ ババババ,顔文字
ぱー,クルクル σ@( ゚∀ ゚) パー!?,顔文字
ぱーん,( ‘д‘⊂彡☆))Д´) パーン,顔文字
ひぃ,(lll゚Д゚)ヒイィィィ!!,顔文字
ひぃ,ヒィー(((゚Д゚)))ガタガタ,顔文字
ひそひそ,( ´д)ヒソ(´д`)ヒソ(д` ),顔文字
ひたひた,/  =゚ω゚) ヒタヒタ,顔文字
ひっきー,(-_-)ウツダシノウ,顔文字
ひっしだな,"( ´゚,_」゚)ヒッシダナ",顔文字
ひでぶ,( ゚д.∵:・..ヒデブ!!,顔文字
ひどいよ,(#)Д`;;)…ヒドイヨ…,顔文字
ひゃっ,↓  ε≡ (・∀・ ) ひゃっ!,顔文字
ひゃっほー,_|\○_ヒャッ ε=\_○ノ ホーウ!!,顔文字
ひょえー,( ゚Д゚)ヒョエー,顔文字
びきびき,(#^ω^)ビキビキ,顔文字
びくっ,ヽ(;゚д゚)ノ ビクッ!!,顔文字
びくーり,ΣΣ(゚Д゚;)ビクーリ!!,顔文字
びしっ,m9( ゚д゚),顔文字
びしっ,(´∀`)9 ビシッ!,顔文字
びしっ,m9(・∀・)ビシッ!!,顔文字
びしっ,m9っ`Д´) ビシッ!!,顔文字
びっくり,(゚д゚)!,顔文字
びっくり,Σ(´∀`;),顔文字
びんご,( ゚д゚)ビンゴー,顔文字
びーむ,( ・∀・)∩ ウンコビ━━━━━━━━━━━━━━ム!!!!,顔文字
ぴきぴき,(#^ω^)ピキピキ,顔文字
ぴくぴく,:((´゙゚'ω゚')): ピクピク,顔文字
ぴくぴく,⊂⌒~⊃。Д。)⊃ ピクピク,顔文字
ぴこぴこ,ピコ( ゚д゚)ピコ,顔文字
ぴゃー,(`ェ´)ピャー,顔文字
ぴょんやん,ピョン( ゚д゚)ヤン,顔文字
ぴんぽんだっしゅ,( ゚∀゚)σピンポーン ダッシュ!ε≡≡ヘ( ´∀`)ノ,顔文字
ぴー,゚(゚´ω`゚)゚。ピー,顔文字
ぴーす,v(´∀`*v)ピース,顔文字
ふぁいと,ファイトーー!( ゚д゚)乂(゚д゚ )イッパーーツ!!,顔文字
ふぁいと,ファイトォ*:.。..。.:*・゚(n‘∀‘)η゚・*:.。..。.:*!!!☆,顔文字
ふぁっく,凸(゚Д゚#)ヤンノカゴルァ!!,顔文字
ふぁっく,ファッキュ━━━( ゚Д゚)凸━━━ !!,顔文字
ふぁびょん,ファビョ━━━<# `Д´>━━━ン!!,顔文字
ふぁぶりーず,ファブリ━━━.゚+.(・∀・)゚+.゚━━━ズ!!,顔文字
ふぅ,( ´ー`)フゥー...,顔文字
ふぅ,( ´Д`)=3 フゥ,顔文字
ふぉー,( `_ゝ´)フォォー,顔文字
ふきだし,¯¯\|¯¯¯¯¯¯¯,顔文字
ふきだし,¯¯¯¯¯V¯¯¯¯¯,顔文字
ふさふさ,ミ,,゚Д゚彡ふさふさだぞゴルァ!,顔文字
ふじさん,/^o^\フッジッサーン,顔文字
ふっ,ヽ( ´ー)ノ フッ,顔文字
ふっ,ε- (´ー`*)フッ,顔文字
ふっかつ,フッカツダー!!(゚∀゚ )三 三( ゚∀゚)フッカツダー!!,顔文字
ふつう,(・_・)フツウ,顔文字
ふにっこ,(・´з`・) ふにっこ,顔文字
ふひひ,( ´,_ゝ`)フヒヒ,顔文字
ふふふ,(ΦωΦ)フフフ…,顔文字
ふむふむ,φ(゚Д゚ )フムフム…,顔文字
ふんがー,(メ゚皿゚)フンガー,顔文字
ふんっ,( `,_・・´)フンッ,顔文字
ふーん,( ´_ゝ`)フーン,顔文字
ふーん,フ━━━( ´_ゝ`)━━━ン!!,顔文字
ぶいっ,v(¯Д¯)v ブイッ,顔文字
ぶっ,`;:゙;`;・(゚ε゚ )ブッ!!,顔文字
ぶはは,。゚m9(゚^∀^゚)゚。ブハハハハハハハハ !!,顔文字
ぶぼぼ,ブボボ(`;ω;´)モワッ,顔文字
ぶらくら,(・∀・)ブラクラ?,顔文字
ぶりっじ,┌(_Д_┌ )┐,顔文字
ぶるぶる,((´д`)) ブルブル…サムー,顔文字
ぶわっ,(´;ω;`)ブワッ,顔文字
ぶんぶん,o( ゚Д゚)oブンブン,顔文字
ぶー,q( ゚д゚)pブーブーブー,顔文字
ぶーっ,`;:゙;`;・(゚ε゚ )ブーッ!!,顔文字
ぶーん,(^ω^),顔文字
ぶーん,(´ω`),顔文字
ぶーん,( ^ω^),顔文字
ぶーん,⊂二二二( ^ω^)二⊃ブーン,顔文字
ぷいっ,( ´д)プイッ,顔文字
ぷぎゃー,m9(^Д^)プギャー,顔文字
ぷぎゃー,m9。゚(゚^Д^゚)゚。プギャーッハハハハヒャヒャヒャヒャ,顔文字
ぷぎゃー,m9^Д^)m9^Д^)m9^Д^)ジェトストリームプギャー,顔文字
ぷぎゃー,プップギャーッ!!m9゚。(^Д^゚≡。゚^Д^)m9゚。プップギャ-ッ!!,顔文字
ぷぎゃー,m9。゚(゚^Д^゚)゚。プギャーハハ八八ノヽノヽノヽノ \ / \/ \,顔文字
ぷぎゃー,プギャー!m9(^Д^ )m9(^Д^)9m( ^Д^)9mプギャー!,顔文字
ぷぎゃー,プギャ━━━━━━m9(^Д^)━━━━━━!!!!!!,顔文字
ぷぎゃー,プギャプギャ━━━m9(^Д^≡^Д^)9m━━━━!!!!!!,顔文字
ぷぎゃー,プギャ━━━━≡≡≡≡≡⊂`⌒m9^Д^)⊃━━━━!!!!!!,顔文字
ぷぎー,((´^ω^)),顔文字
ぷっ,( ´,_ゝ`)プッ,顔文字
ぷっ,(´゚ c_,゚`)プッ,顔文字
ぷっ,( ゚,_・・゚)ブブブッ,顔文字
ぷっぷくぷー,(・ε・)プップクプー,顔文字
ぷっぷー,( ゚∀゚)<プップー,顔文字
ぷにぷに,ヾ(o゚ω゚o)ノ゙ プニプニ!プニプニ!,顔文字
ぷにゅ,( ´∀`)σ)∀`),顔文字
ぷにゅ,プニュ( ´∀`)σ)Д`),顔文字
ぷにゅ,アァ?( ´Д`)σ)Д`)ァゥァゥ,顔文字
ぷらすみん,(^+^),顔文字
ぷんすか,o(`ω´*)oプンスカプンスカ!!,顔文字
ぷんすこ,(# ゚Д゚)プンスコ!!,顔文字
ぷんぷん,ヽ(`Д´)ノプンプン,顔文字
へぇ,( ・∀・)つ〃∩ ヘェーヘェーヘェー,顔文字
へー,(´・∀・`)ヘー,顔文字
へー,ヘー(´ν_.` )ソウナンダ,顔文字
べー,(σ'д`)アッカンベー,顔文字
ぺしっ,Σ(ノ∀`)ペシッ,顔文字
ぺっ,( ゚д゚)、ペッ,顔文字
ぺっ,カーッ(゚Д゚≡゚д゚)、ペッ,顔文字
ぺろぺろ,(^ω^)ペロペロ,顔文字
ぺーちゅん,(゚∞゚)ペーチュンチュン,顔文字
ほぅ,( ゚Å゚)ホゥ,顔文字
ほぅ,ホゥ━━━━(゚Å゚)(Å゚ )(゚  )(  )(  ゚)( ゚Å)(゚Å゚)━━━━!!!!,顔文字
ほじほじ,ホジホジ(´σ_` ) ポイ( ´_ゝ`)σ ⌒゜,顔文字
ほすぃ,( ゚д゚)ホスィ…,顔文字
ほっ,ε-(´∀`*)ホッ,顔文字
ほっしゅ,ミ・д・ミ ホッシュホッシュ,顔文字
ほらいぞん,(^ω^),顔文字
ほれ,ホレ(゚Д゚)ノ⌒,顔文字
ぼこぼこ,ぼこぼこにしてやんよ ( ・ω・)っ≡つ ババババ,顔文字
ぼっきあげ,ヽ(`Д´)ノボッキアゲ,顔文字
ぼるじょあ,(・3・),顔文字
ぼー,( ゚ ρ ゚ )ボー,顔文字
ぼーだふぉん,( ゚д゚)<Vodafone,顔文字
ぽいっ,( ´∀`)つ ミ,顔文字
ぽいっ,・⌒ヾ( ゚⊿゚)ポイッ,顔文字
ぽかーん,( ゚д゚),顔文字
ぽかーん,( ゚д゚)ポカーン,顔文字
ぽかーん,ポポポポポ( ゚д゚)゚д゚)゚д゚)゚д゚)゚д゚)ポカーン…,顔文字
ぽっ,(´∀`*)ポッ,顔文字
ぽりぽり,(´Д`υ)))ポリポリ,顔文字
ぽわぁん,゚・*:.。..。.:*・゜(*´∀`)。. .。.:*・゜゚・*ポワワワァァン,顔文字
ぽわわ,(*´∀`*)ポワワ,顔文字
ぽー,ヘ(゚∀゚ヘ)ヘ(゚∀゚ヘ)ヘ(゚∀゚ヘ)ポー!!,顔文字
ぽーず,∠( ゚д゚)/,顔文字
ぽーん,(  Д ) ゚ ゚,顔文字
ぽーん,ポーン(  Д )⌒Y⌒Y⌒Y⌒Y⌒Y⌒...。....。コロコロ,顔文字
まぁまぁ,マァマァ(((ノ´ー`)ノ,顔文字
まかせろ,ミα(゚Д゚ )マカセロ!!,顔文字
まじ,エッ(゚Д゚≡゚Д゚)マジ?,顔文字
まじで,Σ(゚◇゚;)マジデッ!?,顔文字
まじれす,ネタニマジレス(・∀・)カコイイ!!,顔文字
まじれす,ネタニマジレス(・∀・)カコワルイ!!,顔文字
まじれすまん,(∑´w`),顔文字
まずー,(゚д゚)マズー,顔文字
まずー,(+д+)マズー,顔文字
まずー,(`A´) 、 マズー!!ペッ!!,顔文字
また,ジャ、マタ |/// |(Д´ )ノ"| ///|ウィーン,顔文字
またね,☆。.:*:・'゜ヽ( ´ー`)ノ まったね~♪,顔文字
またーり,ヽ(´ー`)ノ,顔文字
まだぁ,マダァ?(・∀・ )っ/凵⌒☆チンチン,顔文字
まだー,マダァ?(・∀・ )っ/凵⌒☆チンチン,顔文字
まだー,オチタ━?━キョロ━(゚∀゚≡゚∀゚)━キョロ━マダ━?,顔文字
まぢ,Σ(`Д´ )マヂデスカ!?,顔文字
まって,(;´д`)ノ マッテェェェ,顔文字
まなぶ,( 'A`)φ,顔文字
まにー,¥ ・∀・¥ お金で何でも解決するよ,顔文字
ままん,(´д`)ママン…,顔文字
まゆ,( ・`д・´),顔文字
まゆ,( ・´ー・`),顔文字
まゆ,(¯・ω・¯),顔文字
まんせー,ヽ(´ー`)ノマンセー,顔文字
まんせー,<ノ丶`Д´>ノ マンセー,顔文字
まんどくせ,('A`)マンドクセ,顔文字
まんどくせ,マンドクセ━━━━━━('A`)━━━━━━!!,顔文字
まんまー,((´・ω・`)) マンマー,顔文字
みるな,( ゚д゚ ),顔文字
みんな,( ゚д゚ ),顔文字
むかっ,(#・∀・)ムカッ!!,顔文字
むきー,ヽ(`Д´#)ノ ムキー!!,顔文字
むしむし,(;´A`)ムシムシスルー,顔文字
むしゃ,( ´)Д(`)むしゃむしゃ,顔文字
むっ,( `_ゝ´)ムッ,顔文字
むっかー,(# ゚Д゚) ムッカー,顔文字
むっはー,(;゚∀゚)=3ムッハー,顔文字
むはぁ,(゚Д゚ )ムハァ,顔文字
むほむほ,(*゚д゚)ムホムホ,顔文字
むむっ,( ゚ε゚;)ムムッ,顔文字
むりむり,(ヾノ・∀・`)ムリムリ,顔文字
めしうま,(^Д^)メシウマ,顔文字
めしうま,メシウマ━━━━━━ヽ(^Д^)ノ━━━━━━!!!!!!,顔文字
めも,c⌒っ゚д゚)っφ メモメモ...,顔文字
めも,φ(`д´)メモメモ...,顔文字
もうおこった,(`・д・´)モウオコッタ,顔文字
もうこねえよ,ヽ(`Д´)ノモウコネエヨ!!,顔文字
もうだめぽ,(´Д⊂ モウダメポ,顔文字
もえっ,(・∀・)モエッ,顔文字
もきゅ,(*´ω`*)モキュ,顔文字
もぐもぐ,(´~`)モグモグ,顔文字
もじもじ,モジ(((´ω` *)(* ´ω`)))モジ,顔文字
もつかれ,(ヽ´ω`)モツカレ,顔文字
もなー,( ´∀`),顔文字
もなー,モナ━━━━━━( ´∀`)━━━━━━!!,顔文字
もにゅ,( ・ω・)モニュ?,顔文字
もむーり,モムーリ!o(゚Д゚)っ,顔文字
もららー,( ・∀・),顔文字
もるぁ,( ゚ロ゚) 「ゴルァ!!」と「モルァ!!」は違うぞモルァ!!,顔文字
もるー,モル━━━━(゚∀(  *  )━━━━!!!,顔文字
もわぁん,(_д_)。o0○ モワァァァン,顔文字
もわっ,ブボボ(`;ω;´)モワッ,顔文字
やぁ,|ω・`)ノ ヤァ,顔文字
やあ,(´・ω・`)やあ,顔文字
やたー,ヤタ━━━━━━ヽ(゚∀゚)ノ ━━━━━━!!!!,顔文字
やだ,(´・д・`)ヤダ,顔文字
やだやだ,c(`Д´と⌒c)つ彡 ヤダヤダ,顔文字
やってくれる,(・∀・)ヤッテクレル!!,顔文字
やっほー,(n‘∀‘)η ヤァーッホォー,顔文字
やなのー,(´・д・`)ヤナノー,顔文字
やめたまえ,(`・д・´)ヤメタマエ,顔文字
やめたまえ,(`・д・´)コラ、ヤメタマエ!!,顔文字
やめてー,ヽ(;´Д`)ノヤメテー,顔文字
やめれ,(・∀・)モウヤメレ!!,顔文字
やらないか,N| "゚'` {"゚`lリ  < やらないか?,顔文字
やるぞ,ヤルゾ!!Σс(゚Д゚с,顔文字
やるよ,。⌒ ヽ(´ー` ) おまえにもやるよ,顔文字
やれやれ,┐(´∀`)┌ヤレヤレ,顔文字
やれやれ,┐(´д`)┌ヤレヤレ,顔文字
やれらた,クッ……ヤラ( ゚∀゚ )レタ!!!,顔文字
ゆうすけ,(^ν^),顔文字
ようかんまん,ヽ|・∀・|ノ,顔文字
ようじょ,ょぅι゛ょ,顔文字
よかーん,(゚∀゚)ヨカーン,顔文字
よちよち,。・゚・(ノД`)ヽ(゚Д゚ )ヨチヨチ,顔文字
よっ,( ノ゚Д゚)ヨッ!,顔文字
よぼーん,( "・ω・゛)ヨボーン,顔文字
よるな,(゚Д゚)┌ ヨルナ,顔文字
よろ,( ゚д゚)ノ ヨロ,顔文字
よろしく,( `・∀・´)ノヨロシク,顔文字
よろしく,( ^ω^)よろしくだお,顔文字
らじゃー,(`Д´)ゞラジャー!!,顔文字
らじゃー,(>Д<)ゝ”ラジャー!!,顔文字
らぃ,(゚∀゚)ラヴィ!!,顔文字
らーん,ラ━━━━━━ヽ(´∀`ヽ)━━━━━━ン!!!!,顔文字
りょーかい,( ゚Д゚)ゞ リョーカイ!!,顔文字
りーまん,(‘台‘),顔文字
れもな,|゚ノ ^∀^),顔文字
わいーろ,( ・∀・)つ品ワイーロ!,顔文字
わお,ヮ(゚д゚)ォ!,顔文字
わかんない,(><; ) わかんないんです!,顔文字
わくてか,+(0゚・∀・) + ワクテカ +,顔文字
わくわく,( ^ω^)ワクワク,顔文字
わくわく,((o(´∀`)o))ワクワク,顔文字
わけわからん,⊂( ・∀・)ワケ ( ・∀・)つワカ ⊂( ・∀・)つラン♪,顔文字
わしょーい,ヽ(´∀`)人(・ω・)人( ゚Д゚)人ワショーイ,顔文字
わっ,Σヽ( ゚д゚)ノ ワッ!!,顔文字
わっしょい,ワッショイヽ(゚∀゚)メ(゚∀゚)メ(゚∀゚)ノワッショイ,顔文字
わっちょい,∩,,・д) ワッチョイ,顔文字
わらた,ωαγατα...φ(゚∀゚ )アヒャ,顔文字
わろた,ωαγοτα...φ(^Д^ )ギャハ,顔文字
わんわんお,(U^ω^)わんわんお!,顔文字
わーい,(∩´∀`)∩ワーイ,顔文字
わーい,ワーイヽ(゚∀゚)メ(゚∀゚)メ(゚∀゚)ノワーイ,顔文字
ぁー,('A`)ヴァー,顔文字
ぉけ,( ゚Д゚)ヴォケ!!,顔文字
・・・,( ^ω^)・・・,顔文字