おはよう,Good Morning

おはようございま〜す♪(o'∀'o)ﾉ
おはようございます(*´▽`*)ﾉ))
おはようございますヽ(≧▽≦)ﾉ
( ´ゝ3･)b⌒☆おはようございます☆
o(ﾟ∀ﾟ)oオｯヽ(ﾟ∀ﾟ)ﾉハー！
(`･∀･´)ﾉ オッハー!!
(⊃д⊂)オッ(∩ﾟ∀ﾟ∩)ハァ〜♪
(pωq)オッヽ(･∀･)ノハァー！
(○ 'ー')ノ オッハァー
p(≧w≦)qオッo(≧▽≦)oハァー！
ｫ'`ｮ♪ヾ(oﾟｪﾟo)ﾉｫ'`ｮ♪
ｫ'`ｫ'`(o･-･)从(･-･o)ｫ'`ｫ'`
♪ｫ'`ｫ'`(o'д')从('д'o)ｫ'`ｫ'`♪
( ´ﾟ∀ﾟ)ﾉ´ﾟ∀ﾟ)ﾉ´ﾟ∀ﾟ)ﾉｫ'`ｫ'`♪ｫ'`ｫ'`♪
ヽ(*ﾟ益ﾟ*)ﾉオハョ〜ン！
(｡･w･｡)ノ オハヨ〜ン
おはョ〜ン o┤*´Д`*├o
おはよ！(oﾟ∀ﾟo)ゞ
おはよう！( ￣ー￣ )ゞﾋﾞｼｯ
(ノﾟДﾟ)おはよう
(●´ω`●)ゞおはようさん♪
(〃⌒ー⌒)ゞおはよ〜♪
┏(o'ｪ')ゞ)) おはよｰぅ♪
ヾ(〃`∀´〃)ﾉ おはよ！
オハヨ───(oﾟ3ﾟb)b───ン♪
オハョ──ヽ(o･`_´･o)ﾉ──♪
☆ﾟ｡+｡お は (｡･∀･)ノ よ う｡+｡ﾟ☆
☆ 才 八 ∋ ｩ ☆(｡ゝω･｡)ゞ
ｶｷｶｷｃ⌒っ *･∀･)φ_才八∋ゥ
才八∋ウ_〆(･ω･)┌┛
|´ω`*)ゞ おはよぉ♪
|･д･｡)ﾉ ｫ'`ｫ'`♪
|ｮ･ω･`)…おはよぅ
|ｮ'ω'〃)おはようございます♪
ﾑﾆｬﾑﾆｬ(うｪ´)おはよぅ…
おはよ…(´･ωゞ)…ｚZZ
[布団]っω-)おはよう…
ヽ(oﾟｪﾟo)ﾉ オッハー!!
ｫ'`ｮ━━━(｡･∀･)ﾉ━━━ｩ
おはようございます♪ヽ(o^─^o)ﾉ
Good Morning♪(｡･_･｡)ゞ
Good Morning！(o'∀'o)b
･:*:･:Good (b'3`*) Morning:･:*:･
£(｡･v･)o†─Good Morning─†o(･v･｡)β
(ノ'_っ')ノ☆ﾟ｡+｡Good★Morning｡+｡ﾟ☆ヾ('c_'ヽ)
(o'∀')ノ｡+｡ﾟ☆Good Morning☆ﾟ｡+｡ヽ('∀'o)
グッモ──ヽ(｡´･∀･`｡)ﾉ──ニン
ｼﾞﾘﾘﾘ━━━(｡･`┛´･｡)━━━ﾘﾝ!!
ｼﾞﾘﾘﾘ───
こんにちは,Hello

(ノﾟДﾟ)こんにちは
( ´･ω･)ﾉ こんにちは
こんにちは (｡･∀･｡)ゝ
こんにちは！ヾ(●ﾟ∀ﾟ●)ﾉ
こんにちは〜♪(*ﾟｪﾟ*)ゝ
こんにちは☆⌒d(｡>∀<｡)
こんにちゎです♪(*ゝωб*)b
(ノ⌒▽⌒) こんにちは♪
( * ´艸`)こんにち…(∩´∀`)∩ワァ♪
(●´σ皿`)コンニチ歯ッ
ｺﾝﾆﾁﾊﾃﾞｽ♪(｡v_v｡)ﾍﾟｺ
こんにちは！┏○))ﾍﾟｺﾘﾝ
(*´∀`*)ﾉﾁｬ
(｡ ･ω･)ﾉﾁｬ
(*'_`)ﾉ チワッ！
( *´▽`)ﾉ チワッ！
チワースッ！(o'∀'o)ゞ
(*b´Д`)b ﾁﾜ───ｯｽ!!
コ ン ( ´ー`)ﾉ チ ャ
(o･Д･o)コ(o･д･o)ン(o･∀･o)チャ
コンチャー！ヾ(oﾟｪﾟo)ノ
こん──(o'д`o)ゝ──ちゎ
ｺﾝﾆﾁﾜ━━(´･∀･`)ノ━━━!!
コン──( ´Д`人´Д` )──チャ
こんにちゎ！(*V∀v艸):･:*:･
(o'Д'b)b☆ﾟ｡+｡こんにちは｡+｡ﾟ☆d(d'Д'o)
(*´･∀･)ノ☆ﾟ｡+｡こんにちは｡+｡ﾟ☆ヽ(･∀･`*)
⊃`ﾉ二千ヮ_φ(´∀` )ｶｷｶｷ
チワ♪+(Фωﾉ[箱]
|´ω`)ﾉこんぬづわ
(o´ﾉωﾉ`o)こんにち…ヽ(o´･∀･`o)ﾉわぁ♪
ｺﾝﾁｬ──ヾ(≧∀≦)ﾉ──♪
(*´ｪ`)b ﾍﾛｳ♪
｡+｡ﾟ☆нёllо(Pq'v`*)☆ﾟ｡+｡
チャ───(o･`w´･)b───オ!!
ニィ〜ハォ♪(´┏∀┓`)ゞ
( *´_ゝ`)ノ ボンジュ──ル
ハロォ〜♪(`･∀･´)ﾉ
ちゃ───ヾ(｡･∀･｡)ノ───ぉ!!
こんばんは,Good Evening

こんばんはー！(`･∀･´)ゞ
(o･ｪ･o)ﾉｺﾝﾊﾞﾝﾜ
こんばんは〜♪(o'ー'o)ﾉ
(ノﾟДﾟ)こんばんわ
こんばんは〜♪ヽ(´ー`)ノ
こんばんは♪(〃▽〃)ゞ
ｺﾝﾊﾞﾝﾜ！(o'ω'o)ゝ
ｺﾝﾊﾞﾝ ヾ(oﾟｪﾟo)ﾉ ﾜｯﾁｮーｨ
こんばんは♪(*ﾟｪﾟ*)ゞ
こんばんは♪(●´▽`●)ゝ
こんばんワイン！(*-艸･*)ｳﾌﾌ
(´pωq`)コンバン…ヽ(´･∀･`)ﾉワァ！
(ﾉ)ω(ヾ)コンバン…ヽ(○'∀`○)ﾉワァ♪
( *´艸`)コンバン(∩´∀`)∩ワァ♪
( `･∀･)ﾉバンワー♪
ばんわ〜♪(≧∀≦)ﾉ))ﾌﾘﾌﾘ
バ ン ((ヾ(´▽`)ﾉ)) ワ ァ
お晩でやんす( ´ω` )y-‾
(〃￣ω￣)ノお晩でやんす
(●ﾟェﾟ)ノ ｵﾊﾞﾝﾃﾞｽ
ｺﾝﾊﾞﾝﾊ──d(*ﾟヮﾟ*)───ｯ♪
お晩ディ━━━(｡･`д´･)ゞ━━━スッ
(*･`w´･)ﾉ ｡+｡ﾟ☆こんばんは☆ﾟ｡+｡
⊃ `ﾉ 八ﾞ `ﾉ 八_〆(･ω･)┌┛
【箱】ФωФ)ゝ ｺﾝﾊﾞﾝﾆｬーﾝ
ﾁﾗﾘﾝ|q´ﾟ∀ﾟ`) こんばんは
こんばんゎ(o'∀'o)ﾉ))ﾌﾘﾌﾘ
バ━━━━ヾ(o'∀`o)ﾉ━━━ンチャ
(oゝ艸･)★─☆Good Evening☆─★(ゝ艸･o)
･:*:･: Good☆(●･w･○)☆Evening :･:*:･
£(｡･v･)o† Good Evening †o(･v･｡)β
(oﾟдﾟ)ノ☆ﾟ｡+｡Good Evening｡+｡ﾟ☆ヽ(ﾟдﾟo)
(o'ω')o†+ Good Evening +†o('ω'o)
(p*'v`*[★* Good Evening *★]*'v`*q)
いよう,チーッス,ヤッホー,その他

ぃょ───(=ﾟωﾟ)人(ﾟωﾟ=)───ぅ
ｲｮ──( ﾟ∀ﾟ)ﾉ──ｩ
(ノﾟｪﾟ) ヨッ♪
(=ﾟωﾟ)ﾉぃょぅ
(b*'Д')b ｲｮｯ
(oﾟ3ﾟb)b チィ───ス
(o '∀')ﾉ ﾁｮﾘｰｯｽ
( ´ﾟДﾟ)ﾉ チャ──ッス
チィ──(｡´v_v)ゞ──ス
ヽ(*´ｪ`*) ﾔﾎﾟｰ♪
(ﾉ≧▽≦)ﾉ ﾔｯﾎｰ!!
ゃほぉ──ヾ(*ﾟ∀ﾟ*)ﾉ──ぅぃ！
ヤッホ──ヽ(｡´･∀･`｡)ﾉ──♪
･:*:･: ﾝﾁｬｯ(o'3`d) :･:*:･
(｢´･д･)｢ ｼｬｰ
(｢'A`)｢ ｼｬｰ
(｢´ﾟωﾟ)｢ ｱﾁｮー
(┌´ﾟωﾟ)┌ ｱﾁｮー
やぁ(´･ω･`)
ただいま

ただいま！(*>ω<*)ゞ
ただいま！(`･ω･´)ゞﾋﾞｼｯ
たらい( *'∀'b)b⌒みゃん
タダイマ！(o'∀'o)ゞ
たらいまぁ！ヽ( *'3`)ﾉ
ただいま♪(oﾟ∀ﾟo)b
ただいまー！(｡-∀-｡)ﾉ
(o' 3 'b)bﾀﾀﾞｲﾏｧ───♪
ただいま!!(o'∀`o)ゝ
タダイマ!!(oﾟｪﾟo)b
(b･∀･ )☆ﾟ｡+｡ た だ い ま ｡+｡ﾟ☆( ･∀･d)
タダイマε=ε=ヾ( *'Д`)ﾉ
☆⌒Y⌒Y⌒ヾ(oﾟ∀ﾟ)ﾉ ﾀﾀﾞｲﾏｯ
龠 λ...ﾀﾀﾞｲﾏｧ
ただいま！(｡･＿･｡)ゞ
ﾀﾀﾞｨﾏｧ!!!ε=ε=ε=ヾ( *ﾟｪﾟ)ﾉ
┣¨┣¨┣¨ε=ヽ(*´ﾟ∀ﾟ)ﾉたらいま
ТАＤАΙМА_φ(v_v*)
[ｺｿｰﾘ]*´艸`)ﾀﾀﾞｲﾏ
[ｺｯｼｮﾘ]'д`*)ただ芋
|*´ｪ`)b ただいま
|･_･`｡)また来ちゃった
|´Д`)ゝﾀﾀﾞｲﾏ
|ｮﾟｪﾟ*)ﾀﾀﾞｲﾏ
た だ (*･ω-人-ω･*) い ま
戻った(σ´∀`)σ⌒よん！
ﾀﾀﾞｨﾏ───(｡･∀･｡)ﾉ───♪
ﾃｹﾃｹε=ε=ヾ(o´･∀･`)ﾉただいま！
(o'O'o)タ！(o'д'o)ダ！(o'ｰ'o)イ！(o'∀'o)ゞマ！
おかえり

ｵｶ──ヽ( ´ﾟдﾟ)人(ﾟдﾟ` )ノ──☆
おかえりなさい(u_u*)人(*v_v)ﾎﾟｯ
ｵｯｶｧ──(*'∀')人('∀'*)──!!
ｵｯｶｧ━━━(o･∀･)人(･∀･o)━━━♪
･:*:･:ぉ帰りぃ(p*'v`*q):･:*:･
(oﾟωﾟp[☆おかえり☆]qﾟωﾟo)
[待ってたよ]ｮ´･ω･`)おかえり
(｡´з`｡)ノ☆+o｡おかえりなさい｡o+☆ヽ(｡´ε`｡)
お か ヽ( ´∀` )ノ え り
d(d´Д`o)ォヵｴ
はじめまして

( *'w')b はじめまして♪
(○ 'ー')ノ ハジメマシテ
( *'艸`)初めましてﾃﾞｽ
ﾊｧﾊｧﾊｧ…(*'д`*)ﾊｼﾞﾒﾏｼﾃ
はじめまして(*´-ω-))ﾍﾟｺﾘ
はじめまして(つω`*)ﾃﾍ
はじめまして♪(〃´Д`〃)ゝ
(*￣ω￣)ノはじめまして
はじめまして(o'д')从('д'o)よろしくネ
はじめまして♪(ﾉ)´∀`(ヾ)ﾑﾆｭ
はじめまして♪(/ω＼*)ﾃﾚ
[ﾁﾗﾘﾝｺ]ｮД`*)初めまして！
(｡v_vb)b･:*:･: Nice to meet you :･:*:･d(du_u｡)
(人'д'o)☆ﾟ.*｡はじめまして｡*.ﾟ☆(o'д'人)
[ﾁﾗﾘﾝｺ]ﾟェﾟ*)ﾉ ォ'`ッ
|ﾟωﾟ)ﾉオハツ！
(oﾟvﾟp[*◆*──お初──*◆*]qﾟvﾟo)
ﾍﾟｺﾍﾟｺ ＿|￣|○)) はじめまして！
(≧▽≦)bオハツです！
"才/ヽツ━━d(d･c_,･´｡)━━━!!"
お初でぇ〜す(´ﾟ∀ﾟ`)ゞ
(o'v'P{ ★お初★ }q
オハ───( ･д･ )ﾉ───ツ
(`･ω･´)ゞハツヨロです
(σ⌒▽⌒)σ オハツ
オ ハ ツ ヽ(･∀･)ﾉ デ ス ッ
お初です♪(｡u_u｡)ﾍﾟｺﾘﾝ
おはちゅ(*'-'*)ﾉ
おはつデス！(≧∀≦)ゞ
お初ぅ｡+｡ﾟ☆(d'3`b)☆ﾟ｡+｡よろしこ
お 初 ヾ(o･∀･)人(･∀･o)ﾉ で す
オハツ(o´д`)人(´д`o)デース
ヾ(* 'Д' *)ﾉｵﾊﾂﾃﾞｰｽ♪
はじめまして(〃▽〃)ゞ
久しぶり

ヽ(*'-'*)ｵﾋｻ♪
(*´▽`*)ﾉ おひさ〜♪
(´･∀･`)ﾉひさしぶり
･:*:･:(Pq'v`*)お久しぶり:･:*:･
＿|￣|○)) ｵﾋｻｼｭｳｺﾞｻﾞｲﾏｽ
ォﾋｻ(●´･з)爻(ε･`●)ﾋｻﾋｻ
ｵｯﾋｻ━━━━(∩'∀`∩)━━━━!!
ｵﾋｻ☆(*ﾉｪﾟ)b⌒ﾋｻ★
オヒサd(d´w` )ヒサ♪
オヒサ──(●´･ω･)b──ァッ!!
ｫﾋｻ───(o´Д`人´Д`o)───♪
ｵﾋｻ──ﾟ｡+(=ﾟωﾟ)ﾉ+｡ﾟ──!
おひさしぶりです♪(〃▽〃人)
おひさﾔ───(*｣´ｪ`)｣───ﾝ
お久で･:*:･:( *´ﾟз)(εﾟ`* ):･:*:･ﾁｭ♪
ｷｬ♪((*ﾉｪﾉ))お久しぶりです
( ﾟдﾟ)ﾉ ｵﾌｨーｻ
(○ﾟｪﾟ)bﾟ+ｵﾋｻ+ﾟ
♪ﾋｻﾌﾞﾘ (p*'v`*q) ﾋｻﾌﾞﾘ♪
ε=ε=ε=(ﾉ`･∀･)ﾉお久ぁ♪
ｺﾞﾌﾞｻ(´∀`)(∀` )(`　)(　　)(　´)( ´∀)(´∀`)ﾀ-ﾝ
♪ﾋｻﾋｻ (oﾟ∀ﾟ)爻(ﾟ∀ﾟo) ﾋｻﾋｻ♪
オ ヒ ヽ(o´∀`o)ﾉ サ シ
ｵﾋｻｼ…○|￣|＿=3 ﾌﾞﾘ
ｺﾞﾌﾞｻﾀ━━━(*≧▽)爻(▽≦*)━━━━!!
(艸v_V*)｡+｡ﾟ☆─お久しぶりです─☆ﾟ｡+｡(*V_v艸)
才 ヒ サ((〆(´w`●[女喜]
|^ω^)ゞおひさぁ♪
|ｮ∀ﾟ )お   |ｮﾟДﾟ )ひ   |彡ｻｯ
ε-ε-ヾ(o´∀)ノ 再会 ヽ(∀`o)ノ-з-з
ﾋｻｼﾌﾞﾘｰ!!ヾ(*'∀`*)ﾉ
ｵﾋｻ☆d(d∀ﾟ)(ﾟ∀b)b☆ﾋｻ
ひさしぶり！(*>∀<*)ﾉｼ
｡o☆ｵﾋｻ(P∀`q｡)ﾋｻ☆o｡
お久しぶりです(｡･ω･｡)ﾉ
自己紹介,名刺・その他

ヽ('д'ヽ)名前(ﾉ'д')ﾉﾁｬﾝヽ(o'∀'o)ﾉﾃﾞｨｽ！
(ﾉﾟДﾟ)ﾉ名前(pﾟдﾟ)q))ｸﾝ(σﾟ∀ﾟ)σﾀﾞﾖ!!
(ﾉ)'ω`(ヾ)名前(ﾉ)ω(ヾ)ﾁｬﾝヽ(○'∀`○)ノです
(ﾉﾟｪﾟ)ﾉ名前ヾ(ﾟｪﾟヾ)ﾁｬﾝヾ(oﾟｪﾟo)ﾉﾃﾞｨｽ
σ(･ω･*)名前ﾁｬﾝ(*ﾉωﾉ)ﾃﾞｽ(*ﾉω･)ゞﾁﾗﾘﾝｺ
ヾ(ヾﾟ∀ﾟ`*)名前(*´ﾟ∀ﾟﾉ)ﾉﾁｬﾝ(*´ﾟ∀ﾟ`*)ゞデス！
ヾ(･ω-` )名前( ´-ω･)ﾉﾁｬﾝ(`･д･´)ﾉﾀﾞｰ!!
ﾍﾟｺﾘﾝ┏○)) 名前と申します
ﾍﾟｺ ┏( ﾟｪﾟ))) 名前と申します
名刺です♪(oﾟ∀ﾟ)ﾉ[名前]
名刺どぞ(*´3`)っ[名前]
名刺だょ(ノ`･∀･´)ノ⌒[名前]
名刺です(｡u_u)p[名前]q
E[名前]ｮ'∀'o)です
E[名前]ｮ･_･｡)です
E[名前]ｮゝω･｡)です
名前_〆('д'o)ﾃﾞｽ
名前ﾁｬﾝ_〆(･ω･`*)だよ
名前ﾁｬﾝ_〆(≧∀≦*)ﾃﾞｼｭ
よろしく

ﾖﾛｼｸ( ´ー`人´ー` )ﾈｯ
よろしくお願いしますヽ(*´∀`*)ﾉ
よろしくね！(´･∀･`)ﾉ
よろしくです！(*>▽<*)ゝ
ヨロ ((o'∀')爻('∀'o)) ピコ
(o-艸´･)｡+｡ﾟ☆ﾖﾛﾋﾟｺﾃﾞｽ☆ﾟ｡+｡(･`艸-o)
(∩´∀`)∩ドォゾ (つ´∀`)つ))ヨロシク
(ﾟдﾟ)ﾉ ヨロッ
｡+｡ﾟ☆YORO(ω'∀`ω)SHIKU☆ﾟ｡+｡
夜 露 死 苦 ( ▼д▼ )y-‾
＿|￣|○)) 宜しくお願いします
[ﾁﾗﾘﾝｺ]´∀`*)ﾉ ヨロチク
[ヨロピク]q´ω`●)
よろロ──(σﾟ∀ﾟ)σ──ン
*ﾟ｡+｡ЧоЯо(*´･∀･)爻(･∀･`*)ЧоЯо｡+｡ﾟ*
ヨ ロ ヽ(●･∀･●)ﾉ シ ク
ｴｨｯ!!(ﾉ｡>ω<)ﾉ ⌒[ヨロシクッ]
ｷﾗｰﾝ(+･`д･´)ﾉよろしくお願いします！
どぉーぞ (*´ﾟ∀ﾟ`*)ゞ ヨロシク
ヨ ロ (●´д)人(д`●) シ ク
ヨロシク(b･ω･d)デス♪
宜しくお願いします<(_  _)>
よろしくネッ(〃ﾉωﾉ)ﾃﾚ
よろしこ(*ﾟｪﾟ)y-‾
ﾖﾛｼｸ(=ﾟωﾟ)人(ﾟωﾟ=)ﾈｯ！
ヨロスク！(*`◇´*)ゞ
ヨロッ(●^＿^●)♪
ﾖﾛﾋﾟｺ (oﾟдﾟ)爻(ﾟдﾟo) ﾖﾛﾋﾟｺ
宜しくお願いします(o´-ω-))ﾍﾟｺﾁｮ
よろしくd(ゝ∀･*)ネッ！
＿|￣|○ ﾄﾞｳｿﾞ ＿/＼○＿ ﾖﾛｼｸ
＿|￣|○ ﾄﾞｳｿﾞ ＿/＼○＿ ﾖﾛｼｸ ＿＿＿○＿ ｵﾈｶﾞｲｼﾏｽ
よろしくネ(oﾟｪﾟo)ゝ
( ﾉ´Д`)ﾉヨロヾ(´Д`ヾ)シク(σ´∀`)σネ！
(oﾟ3ﾟb)b★─☆ヨロシク☆─★
よろしく (o･ω･)人(･ω･o) ネ！
ﾖﾛｼｸ!!
お邪魔します,お邪魔しました

|入り口|≧▽≦)ノ お邪魔しまーす
┏( ﾟωﾟ)ゝ ｵｼﾞｬﾏｼﾏｽ
|入り口|*´艸`)ｷﾁｬｯﾀﾖ
( *´ﾉｪ`)お邪魔しま〜す
|Entrance|'∀'o)ゝ ｵｼﾞｬﾏｼﾏ-ｽ
|ﾋｮｯｺﾘ|q･ω･)お邪魔します
|入り口|ｮ･д･`)入っていい？
|･_･`｡)ぉ邪魔してぃぃ？
(*´ﾟ∀ﾟ`)ゝぉ、ぉ邪魔だったかな？w
ぉ邪魔かしらん(*ﾉ3ﾉ*)
|入り口|ｮﾟДﾟ )ｵｼﾞｬﾏｼﾏｽ
|ｺｯｿﾘ|･ﾉω･)お邪魔ちます
|過疎地|Дﾟ)ﾉ ｵｼﾞｬﾏｼﾏｼﾀ!!
|出口|  ヾ(-ε-o)ﾉ=3 =3 ﾃｹﾃｹﾃｹﾃｹ
|出口|･ω･*)ﾉ ｫﾁﾞｬﾏｼﾏｼﾀ
|出口|ﾟ∀ﾟo)ﾉお邪魔しました
|出口|彡 ｻｯ ｽﾞﾙｯ!ｺﾞﾛｯ!ﾄﾞﾝｶﾞﾗｶﾞｯｼｬｰﾝ
|出口|彡 ｻｯ
|出口| λ............ﾄﾎﾞﾄﾎﾞ
""
いらっしゃい,Welcome

いらっしゃいませぇ(o'∀'o)ﾉｼ
ｲﾗｯｻｰｨ♪(*ﾟｪﾟ*)ﾉｼ
いらっしゃいませ(○´ω`○)ゞ
いらっしゃいませ( -ω- )y-‾
ｲﾗｯｼｬｲﾏｾ(｡u_u｡)ﾍﾟｺ
いらっしゃいませ♪(*´ー`)ノ
いらっちゃい(●´∀`●)ゝ
(●´ 3`)ﾉｼ ｲﾗﾊｲ♪ｲﾗﾊｲ♪
(人ﾟ∀ﾟo)ｲﾗｯｼｬ───ｲ♪
ｲﾗ───(o'3`d)───ｻｲ
＿|￣|○)) お越し頂きありがとうございます
[ﾁﾗﾘﾝ]ｮД`*)ｲﾗｯｼｬｲﾏｾ♪
ラッシャイ！o(´ﾟ∀ﾟ`)o
ｲﾗﾊｲ･:*:･:(*´з`人´ε`*):･:*:･ｲﾗﾊｲ
(ﾉ´▽`)ﾉｲﾗｯｼｬ───ｨ
(*ゝωб)b｡+｡ﾟ☆いらっしゃいませ☆ﾟ｡+｡
┏○)) いらっしゃいませ
(oﾟ∀ﾟ)ﾉｼ いらっしゃーい
(o´･з･)o[ゆっくりしていってね]o(･ε･`o)
ｲﾗｯｼｬ───(oﾟｪﾟo)ゝ───ｲ!!
いらっしゃーい♪(oゝω･o)b
ｲﾗｯｼｬ──ヽ(*´ヮ`*)ﾉ───ｲ
いらっしゃい！((ヾ(o´▽`o)ノ))
ｶﾀｶﾀ...((8-(o'-'o)ノWelcome♪
Welcome♪(｡v_v｡)ゞ
(o'ω')ノ☆ﾟ｡*｡You're Welcome｡*｡ﾟ☆ヽ('ω'o)
( ･艸-)★─Welcome─★(-艸･ )
激 烈 *ﾟ｡+(pﾟ∀ﾟq)+｡ﾟ* 歓 迎
(ﾉ`･∀･)ﾉようこそ！！
行ってきます

行くネ！(´･∀･`)ﾉｼ))ﾌﾘﾌﾘ
ｲｯﾃｸﾙ(o´艸)(艸`o)ﾈーﾝ
ヽ(o'∀'o)☆ﾟ｡+｡行ってきまーす｡+｡ﾟ☆(o'∀'o)ノ
ｲｯﾃｷﾏｽ…(｡´v_v`｡)ﾉｼ
ｲｺｯﾄε= ε= ε= ┌( ;´ﾟｪﾟ)┘
行ってきま〜す♪｡+⌒ヾ(*´∀`)ﾉ ♪
行くね！ε=ε=ε=(ﾉ≧▽≦)ﾉ
逝ｯﾃｷﾏｽ☆⌒☆⌒☆⌒(*｡Д｡)
ｶﾀｶﾀ…ｲｯﾃｷﾏ-ｽ((8-(o'ω')
行ってきますε=ε=ヾ( ´=∀=)ﾉ
ｲｯﾃｷﾏｰｽε=ε=ヾ(●´Д`)ﾉ
行ってきます！ﾎﾞｼｭε=ε=((っ･ω･)っ
ｲｯﾃｷﾏ━━━ヽ(`･Д･´)ノ━━━ｽ!!
行ってきま〜すヾ(≧∀≦)ﾉｼ
行ってきますε=ε=ε=┌(oﾟ∀ﾟ)┘
行ってきます(｡･ω･｡)ゞ
行ってきまーす o(*>∀<*)o
ｲｯﾃｷﾏｯ(o'3'o)ﾉ⌒снц♪
いってらっしゃい

いってらっしゃ〜ぃ(*･∀-*)ﾉｼ
｡+｡ﾟ☆ｲｯﾃ(d'3`b)ﾗｯｼｬｲ☆ﾟ｡+｡
いってらっしゃい(o'∀'o)ﾉ
ｲｯﾃﾗ( ﾟДﾟ)y-‾
ヽ( ･ω- )｡+｡ﾟ☆いってらっしゃい☆ﾟ｡+｡( -ω･ )ノ
いってらっしゃい(〃⌒▽⌒)ﾉｼ
いってらっさい♪(*´ｪ`*)ﾉ
いってらっしゃい！(≧▽≦)ﾉｼ))ﾌﾘﾌﾘ
いってらぁ〜！(○´Д`○)ﾉｼ
(*`Д´)ノｲｯﾃｺｨ!!
逝ｯﾃｺｫ───(ﾟДﾟ)ﾉ───ｲ!!
ｲｯﾃｺｲ!!☆d(dﾟдﾟo)
ｲｯﾃﾗｰ…｡ﾟ(ﾟ´ω`ﾟ)ﾟ｡
ィッテラッ(艸∀`ﾟ+｡)シャィ
ｲｯﾃﾗｯｼｬｲﾏｾ (:D)┓ﾍﾟｺﾘ
ｲｯﾃﾗｯｼｬｲﾏｾ♪(ov_vo)ﾍﾟｺﾘﾝ
|ﾟ∀ﾟ●)ﾉぃってらぁ
[お見送り]ｮ･д･o)ｲｯﾃﾗｯｼｬーｨ
[寂]´･ω･`) いってらっしゃい
ｲｯﾃﾗ━━━━(o'∀'o)ﾉ━━━━!!
気を付けて♪( ´▽` )ノ
( `･∀･)ﾉｼ))ｲｯﾃﾗｯｼｬ──ｲ
(b`･3･)b))ｨｯﾃﾗｯﾀｲ♪
＿|￣|○)) いってらっしゃいませ
いってらっしゃい(*ﾉД`)ﾉ
バイバイ,さようなら,その他

ﾉヾィﾉヾィ！(o'∀'o)ﾉ))
バ ィバ ィ (o´･_･`o)ﾉｼ
バーィチャ♪(´ゝ∀･`)ﾉｼ
バイ♪バイ♪(￣▽￣)ノ
バイバーイ！(´･ω･`)ﾉｼ
バイバーイ！ｽﾀｽﾀε=ε=ﾍ( ´ﾟдﾟ)ﾉ
ﾌﾘﾌﾘ(oﾟｪﾟo)ﾉｼ バィバ〜ィ
ﾉヾィﾉヾィ！( ´∀` )ノ
バィバ〜ィ (｡ﾉω<｡)ﾉ))
ﾊﾞｨﾊﾞｨ(b*'3`)b⌒ｷｭｩ☆
ｳﾞｧ───ヾ(´ｰ`)ﾉ───ｲ
バィバィキ───ヽ【*ﾟ皿ﾟ*】ﾉ────ン
(*^-^*)ノ バ イ バ イ ヾ(*^-^*)
/ヽﾞィ/ヽﾞィ_〆(；д；`)
[お別れ]>3<*)ﾉｼ バイバイ
( *' w ')ﾉｼ Goodbye!!
ﾌﾘﾌﾘ(*´Д`*)ﾉ))вуe вуe
･:*:･:βyё｡+ﾟ(ﾉД`)ﾟ+｡βyё:･:*:･
Goodbye！(´；ω；`)ﾉｼ
☆─βуё─★ (o'ω'o)ﾉｼ ★─βуё─☆
グッo(´･3･`)ﾉ))バァーイ
bye bye ヾ(；ω；) bye bye
バィバィ！(≧▽≦)ﾉｼ))
(｡･w･｡)ノ☆ﾟ｡+｡さようなら｡+｡ﾟ☆ヽ(｡･w･｡)
ﾎﾅ( ´ω` )ﾉさいなら
ｻﾖ〜ﾅﾗ〜(；д；)ﾉｼ
サヨ〜ナラ〜(´Д`)o尸
さよおなら…○|￣|＿=3ﾓﾜｯ
さようならぁ･ﾟ･(PД`q｡)･ﾟ･
[寂]v_v｡)ﾉ)) さようなら
ｧﾃﾞｨｵ───(`･ω･´)ﾉ───ｽ
でゎでゎ(´ｰ`)ﾉｼ
サラバ───(ﾟうｪ´ﾟ)───!!
ｻﾗﾊﾞｼﾞｬ!!( ﾟдﾟ )b
ア────( `Д´ )ﾉｼ───バョ!!
ほな──(=ﾟωﾟ)ﾉ──ッ
またね

マタネ───(`･∀･´)ﾉｼ───!!
ﾏﾀﾈ───(≧▽≦)ﾉｼ───!!
また会おう！(*ﾟ∀ﾟ*)ﾉｼ))ﾌﾘﾌﾘ
またねーんヾ(*´o`*)
またな！(ﾉω`)ﾉｼ
(*'ー'*)ﾉｼ またねー！
(o'ﾉ∀')ﾉまったネ────ッ
(=ﾟωﾟ)ﾉｼﾞｬ､ﾏﾀ!!
|過疎地|Дﾟ)ﾉ ｼﾞｬﾏﾀ!!!
ヾ(o'д'o)マ！ヾ(o'ω'o)タ！ヾ(o'∀'o)ネ！
(o'д')ノ☆ﾟ｡+｡See You Again｡+｡ﾟ☆ヽ('д'o)
ﾌﾘﾌﾘ((ヾ(｡･д･｡)ﾏﾀﾈｰ♪
[再会希望]'∀'o)ﾉ))またネ！
･:*:･:(*´-з) See You Again (ε-`*):･:*:･
おやすみ,眠い

おやすみなさい(o'ω'o)ﾉ
おやすみ！(`･∀･´)ﾉｼ ﾌﾘﾌﾘ
(人-ω-)おやすみなさい
･:*:･:おや(*･д･(ε･`* )ﾁｭみ:･:*:･
(● 'ー')ノおやすみなさい
おやすみ(oﾟｪﾟo)ゝ
＿|￣|○))ｵﾔｽﾐﾅｻｲﾏｾ
( ´･∀･)ﾉｼおやすみなさ〜い
|寝室|ｮ'д`*)寝るネ
ﾈﾏ───(b'3`*)───ｽ!!
|羽毛布団|qﾟｪﾟ*)おやすみなさい
[おやすみ野菜]ﾉ∀`)σｱﾊﾊｯ
[ﾁﾗ]ｮ´ｪ`)イイ夢見てね
[泥のように]ﾟ∀ﾟ`)ﾉ)) 寝ま〜す
[夢で逢おう]ｮ-∀-*)
(o'∀')o†─Good☆night─†o('∀'o)
おやすみ！(≧▽≦)ゝ
おやすみなさい (*ﾟーﾟ*)ﾉｼ))
ｵﾔｽﾐ──(o･ω･o)ゝ──ﾝ
ｺﾞｼｺﾞｼ(´pω=`)ｺﾞｼｺﾞｼ
[枕]qv_v｡)睡魔が…
((ﾉ`ｪヾ))ﾓﾁｮﾓﾁｮ
((ﾉｪヾ))ｺﾞｼｺﾞｼ
(ノД`)‾ﾈﾑ
ﾈﾑﾈﾑｩ( ･дゞ)
ｺｯｸﾘ((´-ω-`))ｺｯｸﾘ
(´･ωゞ)ｺﾞｼｺﾞｼ
"Zzzz...(,'3 」∠)_"
ﾈﾑﾈﾑ(´pд-`)
お疲れさま

お疲れ様でした( ´∀` )ﾉ
オ ツ (o'∀')人('∀'o) カ レ
ｵﾁｭ───(*ﾉ'3`*)ﾉ───♪
乙カレー！( ´Д` )ﾉ
お疲れさん！( ･`д･´)y-‾
(*ノ∀`)ｵﾂｶﾚｻ──ﾝ
オッチュ☆(*ゝε･人)
(*ﾟдﾟb)bｺﾞｸﾛｳｻﾝ
･:*:･:(｡ゝωб｡)ﾉ お疲れさま:･:*:･
＿|￣|○)) ｵﾂｶﾚｻﾏﾃﾞｽ
ｵﾂｶﾚｻﾏﾃﾞｼﾀｯ┏○))ﾍﾟｺ
｡+｡ﾟ☆お疲れさまです(*V_v艸)☆ﾟ｡+｡
お疲れ夏ぁ(*u_u*)ゝ
お疲れSummer♪(〃艸〃)ｳﾌｯ
お疲れ秋刀魚！(≧∀≦)ゝ
お疲れチャ━━(σ´･∀･`)σ━━━ン！
( -∀- )ｵﾂｶﾚ( -∀)(　　)(∀- )( ･∀･ )ﾀ-ﾝ♪
これは乙じゃなくてﾎﾟﾆｰﾃｰﾙなんだから(v_v*)乙
乙デス！
おめでとう

ヤッルゥ！o(*>▽<*)o
おめでとぉ♪(o'ー'o)b
おめでとぅ( ･∀･ﾉﾉﾞ☆ﾊﾟﾁﾊﾟﾁ
(oﾟ3ﾟb)bおめで
ありがとう

ありがとぉ!!
はい,はーい,うん,Yes

'`ｨ(ﾟ∀ﾟ∩
'`ｨ(･∀･∩
'`ｨ(*´ｪ`*∩
(*･∀･)ﾉ '`ィ
(*'з`)ﾉ '`ィ
ｧｨ(｡･_･｡)ゞ
ｧｨ(ﾟρﾟ)ﾉ
ｧｨ(ﾟдﾟ)ﾉ
はい！(≧∀≦)ゞ
はい！(*-∀-*)ゞ
はい！ (´ー`)ゝ
ﾊｩｨ(´ﾟωﾟ`)ﾉ
ｧｨ!!(oﾟ◇ﾟo)ﾉ
ﾊｨﾅ!!(o'∀'o)ﾉ
ｧｨｮ!!(*ﾟωﾟ*)ﾉ
(｡･ω･)ﾉ '`ィ
'`ｨ(´∀`∩
ｧｨ(｡･Д･｡)ゞ
'`ｰｨ(`ε´)ﾉ
'`ｰｨ(･ε･`)ﾉ
ハーィ!!(≧▽≦)ゞ
ハーィ!!(〃▽〃)ゞ
はーい！(`･∀･´)ゞ
はーい！(o'∀'o)ゞ
ヾ(*´▽`*)はーい♪
(*ﾟ∀ﾟ)ﾉ ハーィ
ﾊｧ───ヽ(*'Д`*)───ｨ
ﾊｧ───ヽ(*ﾟｪﾟ*)───ｨ
ﾉヽァ───(｡･∀･｡)ゞ───ィョ!!
( *´∀`)ﾉ はーい
( ´･∀･)ﾉ ハーィ
ﾊｧ───ヽ(o'Д'o)───ｨ！
(*･_･*)ｳﾝ♪
(´∀`)ｳﾝ
(*'v`*)ぅｎ
ヽ(^∀^)ﾉ ｩﾝ
o(`･_･´)o ｳﾝ!!
(･∀･)ｳﾝ!!
(*￣▽￣)b ぅん♪
( *ﾟ∀ﾟ)b ｳﾝｯ!!
(o'∀')b ｩﾝ
(*p'∀'q) ｩﾝ
( *ﾟｪﾟ) *_ _)ｩﾝ
( ･ω･) -ω-)ｩﾐｭ
(ﾟдﾟ)(｡_｡)ンダ！
ｽﾍﾟｼｬﾙ(｡_｡(ﾟωﾟ(｡_｡( ﾟωﾟ )｡_｡)ﾟωﾟ)｡_｡)ｳﾝｯ!!!!
o(`･д･´)oｳﾝ!!
(*pﾟｪﾟq)ｩﾝ
(*´･д･)*´｡_｡)ｩﾐｭ
Yes!!
OK

c(-∀-*)ок
桶！
ん？

( ´･д･)ﾝ？
( ´д`)ﾝ？
( *ﾟｪﾟ)ﾝ？
(o'д')ﾝ？
( ´ﾟдﾟ)ﾝ？
( *ﾟﾛﾟ)ﾝ？
(o'ω'o)ﾓｷｭ？
(
わからない

わかんない(´･д･`)ゞ
ﾜｶﾝﾅｲ(*´ｪ`*)ゞ
ﾜｶﾝﾅｲ♪(*ﾉ3ﾉ*)
意味ﾌﾟｩｰ('∀')ゞ
(´･∀･`)ｻｧ?
(´ー`)ﾁﾗﾈｰﾖ
(
悩む・困る,お手上げ

(;`･_･´)ﾝ-…
ｳｰﾝ…o┤*´Д`*├o
σ(´-ε-`)ｳｰﾝ…
( ;'д`)ｳｰﾝ…
(σ´-`)ﾝｯﾄ…
ﾝｰﾄ…( ;´д`)ゞ
ｴﾄ…(´･ω･)y-‾
( ￣〜￣;)ｳｰﾝ…
σ( ･ω-;)ｳｰﾝ…
ｩ──σ(･´ω･`;)──ﾝ
ｳ──(`ヘ´;)ゞ──ﾝ
ｩ──σ(´･д･`; )──ﾝ
ぐぬぬ(>д<)
( ;`･〜･)ぐぬぬ
(´ｪ`)ﾝ-…
ﾝﾄ…(｡´･_･`)ゞ
(｡-`ω´-)ﾝー
(困´ｕ_Ｕ)ゞ
(困´ｕωＵ)ゞ
┐(｡･ε･｡)┌ャﾚャﾚ
┐(ﾟ〜ﾟ)┌ｵﾃｱｹﾞ
┐(´∀`)┌ﾔﾚﾔﾚ
┐(´ﾟεﾟ`)┌ﾔﾚﾔﾚ
┐(´-д-`)┌ャﾚャﾚ
┐(´Д`)┌ｵﾃｱｹﾞ
┐(´･∀･`)┌ｵﾃｱｹﾞ
いいえ,ふるふる,違う

ヾﾉ'∀'o)ｲｪｲｪ
ヾﾉﾟ∀ﾟ*)ィﾔィﾔィﾔィﾔ!!
ヾﾉ･`д･´)ｲｴｲｴ!!
(ヾﾉ･∀･`)ｲｴｲｴ
ヾﾉ≧∀≦)ｲｴｲｴ!!
((´∀`;)(;´∀`))ﾌﾙﾌﾙ
((･д･` )( ´･д･))ﾌﾙﾌﾙ
ﾌﾞﾝ((-ω-｡≡｡-ω-))ﾌﾞﾝ
ﾌﾙ(( ´∀`;≡;´∀` ))ﾌﾙ
ﾌﾙ((´･д･`≡´･д･`))ﾌﾙ
ﾌﾙ((´ﾟ∀ﾟ`;≡;´ﾟ∀ﾟ`))ﾌﾙ
ﾌﾞﾝ((･ω･`*≡*´･ω･))ﾌﾞﾝ
ﾝ─(>_< ;=; >_<)─ﾝ
ブン(￣ω￣ ≡ ￣ω￣)ブン
ﾝ─((-ω- ≡ -ω-))─ﾝ
ﾝ─((v_v｡≡｡v_v))─ﾝ
((-ω-｡)(｡-ω-))ﾌﾙﾌﾙ
ﾌﾙ((o'д'o≡o'д'o))ﾌﾙ
ﾁｬｳ((-д- ≡ -д-))ﾁｬｳ
ﾁｶﾞｳ(-ω-; )( ;-ω-)ﾁｶﾞｳ
ﾁｬｳ((･ｪ･｡U≡U｡･ｪ･))ﾁｬｳ
ﾁﾅｳ d(∀`●≡●´∀)b ﾁﾅｳ
ﾁｶﾞｳｮ！ヽ(`Д´)ノﾁｶﾞｳｮ！
( ;-ω-)｡oO(違うし)
""
無理

ヾﾉ･∀･`)ﾑﾘﾑﾘ
ヾﾉﾟдﾟ`)
つっこみ

( ﾟдﾟc)ﾅﾝﾃﾞﾔ(ﾟ∀ﾟ)っ))ﾈﾝｯ!!
ﾅﾝﾃﾞﾔﾈﾝｯ!!( `д´⊂彡☆))Д´)･∵.
ｵｲｯ!!( ´Д`)っ))Дﾟ)･∵.
コラ！(乂∀･)┌┛)`д)･∵.
(ﾉ∀`)σええ加減にせぃw
|ｮ-ω-)｡oO(ﾅﾝﾃﾞﾔﾈﾝ)
( `･д･)っ))ﾅﾝﾃﾞﾔﾈﾝｯ
(*`Д´)っ))ﾅﾝﾃﾞﾔﾈﾝｯ!!
( ;´ﾟ∀ﾟ`)っ))ﾅﾝﾃﾞﾔﾈﾝ
ﾅﾝﾃﾞｬﾈﾝ!!
ふむふむ,うんうん,ほほう,その他

( ´Д`) -Д-)ふむふむ
(｡ ･д･)-д-)ふむふむ
( *ﾟωﾟ))ｺｸｺｸ
(o'ｪ'))ｺｸｺｸ
( *ﾟｪﾟ))ﾌﾑﾌﾑ
(｡ ･ω･))ﾌﾑﾌﾑ
(oﾟｪﾟ))ｩﾝｩﾝ
ぅん((ﾟωﾟ* )ぅん
ぅん((-∀-｡ )ぅん
ｩﾝ((^ω^ )ｩﾝ
( *ﾟдﾟ)( *｡_｡)ｳﾝｳﾝ
(｡ ･ω･)(｡ -ω-)ぅんぅん
( ﾟдﾟ) ｡_｡) ﾟдﾟ) ｡_｡)ｳﾝｳﾝ
(*ﾟｰﾟ)*｡_｡)*ﾟｰﾟ)*｡_｡)ｳﾝｳﾝ
(*･ω･)*-ω-)*･ω･)*-ω-)ｳﾝｳﾝ
(｡ ･ω･) -ω-) ･ω･) -ω-)ｩｨｩｨ♪
ﾟ.+｡(*v_v)(v_v*)｡+.ﾟｩﾝｩﾝ
ﾟ.+｡(*-ω-)(-ω-*)｡+.ﾟｩﾝｩﾝ
(｡_｡(ﾟ∀ﾟ(｡_｡(ﾟ∀ﾟ(｡_｡(ﾟ∀ﾟ(｡_｡(ﾟ∀ﾟ )ｽﾍﾟｼｬﾙｩﾝｩﾝ!!!!
(o'∀'))ｩﾝｩﾝ
ぅん((´д`* )ぅん
( *ﾟ∀ﾟ)*｡_｡)*ﾟ∀ﾟ)*｡_｡)ｳﾝｳﾝ
( ﾟдﾟ )ﾎｩ
ﾎ━━━( ﾟдﾟ)━━━ｩ
ﾎｰ！((〆( `Д´ )ﾒﾓﾒﾓ
(*･`o´･*)ﾎ─
ほぅほぅ( *ﾟдﾟ))
(｡ ･O･)ほほーっ
ホゥホゥ(o-∀-))
( -∀-)b))そぅそぅ
( b･д-)bｿｶｿｶ♪
(*´∀`)ゞそかそか
ソヵ(oﾟдﾟo)ゞソヵ
ﾝﾀﾞﾝﾀﾞ(`‐д‐´)ﾏｯﾀｸﾀﾞ
へぇー,ふーん

へぇ〜_〆(･∀･*)
Ωヾ(ﾟｪﾟ*)ﾍｪﾍｪﾍｪ
[ムダ知識]´･∀･`)ﾍｰ
Ωヾ(´ω`*)へぇ〜へぇ〜
Ωヾ(･∀･` )ﾍｰﾍｰﾍｰﾍｰﾍｰﾍｰ
(´･∀･`)ﾍｰ
(　´_ゝ`)ﾌｰﾝ
(
シーン

(´-ω-`) ｼｰﾝ
(￣─￣) ｼｰﾝ
(;´･∀･`) ｼｰﾝ
ｼ───( ﾟェﾟ )───ﾝ
ｼ───(-＿-)───ﾝ
ｼ───(
ポカーン

(ﾟ.ﾟ) ﾎﾟｶｰﾝ
(´ﾟдﾟ`)ﾎﾟｶｰﾝ
( ﾟρﾟ )ﾎﾟｶｰﾝ
( ﾟдﾟ )ﾎﾟｶｰﾝ
[呆気]ﾟДﾟ )ﾎﾟｶｰﾝ
ﾎﾟｶ───( ﾟдﾟ )───ﾝ
ﾎﾟヵ───( ﾟρﾟ )───ﾝ
ﾎﾟｶ───(o'д'o)───ﾝ
ﾎﾟｶ───(´ﾟдﾟ`)───ﾝ
ﾎﾟﾎﾟﾎﾟ( ´ﾟдﾟ)´ﾟдﾟ)´ﾟдﾟ)´ﾟдﾟ)´ﾟдﾟ)ﾎﾟヵ-ﾝ
疑う

嘘ｸｻｨ(*¬д¬*)
白状ｼﾛ( * ﾟдﾟ)σ)ﾟ3ﾟ`)
嘘ﾀﾞｧ〜♪(≡∀≡σ)σ
怪し───
呆れる

""
です

(*ﾟ∀ﾟ)ゞﾃﾞｼ
( `･ω･)ゞﾃﾞｼ
(｡･ω･)ゞﾃﾞｼ
(〃'ω')ゝﾃﾞｽ
(ノ´д`)ﾃﾞｰｽ
ﾃﾞｽ(´∀`)ゝ
ﾃﾞｽ!!(`･д･´)ゞ
ﾃﾞｼ(･∀･)ゞ
ﾃﾞｼｯ!!(oﾟдﾟo)ゝ
ﾃﾞｽ!!(*ﾟｪﾟ*)ゞ
ﾃﾞｼｭ('◇')ゞ
ﾃﾞｽ!!(≧▽≦)ゝ
""
ます

まーす♪(σ´∀`)σ
ます(*≧∀≦)b
ﾏｽ(oﾟｪﾟo)ゝ
ます♪(｡･∀･)b
ﾏｽ(*´艸`)
まーす(oﾟ∀ﾟ)b
ﾏ──d(ﾟ∀ﾟd)──ｽ!!
ﾏ──d(･ω･´d)──ｽ!!
ﾏ──(o'д')b──ｽ!!
ます(*ﾟｪﾟ*)ゝ
ます！(o'∀'o)ゝ
ﾏ──(｡ゝω･)b──ｽ!!
ダァ

ヽ(｡･∀･)ﾉ ﾀﾞｧｰ
ﾀﾞｧー!!ヽ(ﾟｪﾟ*)ﾉ
ﾀﾞｧー!!ヽ(ﾟДﾟ*)ﾉ
ﾀﾞｧー!!ヽ('Д'o)ﾉ
ﾀﾞｧ───ヽ(`･д･´)ﾉ───!!
ﾀﾞｧ━━━ヽ(≧▽≦)ﾉ━━━!!
( ´ﾟ∀ﾟ)ﾉ ﾀﾞｧー!!
(*`･д･)ﾉ ﾀﾞｧー!!
ﾀﾞｧ━━(｡･д･)ﾉ━━ｯ
ﾀﾞｧ───ヽ(･∀･｡)ﾉ───!!
ﾀﾞｧ━━━ヽ(ﾟ益ﾟ*)ﾉ━━━!!
(*ﾟДﾟ)ﾉ ﾀﾞｧー!!
YO

(σ'ω')σYO!!
(σ'д')σYO!!
(σﾟдﾟ)σYO!!
(σﾟｪﾟ)σYO!!
(σ´∀`)σYO!!
(σ´Д`)σYO!!
(σ´д`)σYO!!
(σ´ω`)σYO!!
(σ´･∀･)σYO!!
(σ`･д･)σYO!!
(σ≧∀≦)σYO!!
(σv_v)σYO!!
"(σ´,_ゝ`)σYO!!"
(σ^ω^)σYO!!
ヨッ!!a(aﾟ∀ﾟo)
ヨッ!!a(a･_･`｡)
ヨッ!!a(a>ω<｡)
ヨッ!!a(a`ε･´o)
ＹＯ_〆(-∀-o)
(σ'∀')σYO!!
(σ･∀･)σYO!!
(σﾟ∀ﾟ)σYO!!
よ！(σ`･д･)σ
よ♪(σ´ω`)σ
ネー,ネ

(´- `*)ネー
ヽ(･_ ．)( ．_･)ﾉﾈｰ
(*'ｪ`)('ｪ`*)ﾈｰ
(o'д')('д'o)ﾈｰ
( ´･∀･)(･∀･` )ﾈｰ
(*･ω-)(-ω･*)ﾈｰ
( ´ﾟдﾟ)(ﾟдﾟ` )ﾈｰ
(*´ω`)(´ω`*)ﾈｰ
(*≧д≦)(≧д≦*)ﾈｰ
･:*:･:(*´д`)(´д`*)ﾈｰ:･:*:･
(人'д`o)ネー
(*´･д･)(･д･`*)ﾈｰ
(｡･ω･)(･ω･｡)ﾈｰ
(b´ー`)ネ
(*b'v`)ﾈｯ
(bﾟ∀ﾟ)ﾈｯ
ネッ(*≧∀≦)b
ネッ(oゝД･)b
d(-ω･*)ﾈｯ
d(ﾟ∀ﾟ*)ﾈｯ
d(´ｪ`*)ﾈｯ
йё_〆(ｕдｕ*)
(人д〃)ネッ
(人'∀'o)ﾈｯ
(｡´･ω-)bネッ
語尾その他

(｡+･`ω･´)ｷﾘｯ☆
(`･д･´)ｷﾘｯ
( ･`ー･´)ｷﾘｯ
( ｰ`дｰ´)ｷﾘｯ
"(¬_,¬)bﾅﾘ"
""
爆笑,プギャー

"ｧ '`,､'`,､ (ﾉ∀`) '`,､'`,､'`,､"
"ｧ '`,､'`,､ (ﾉ∀ﾟ*) '`,､'`,､'`,､"
＿/＼(* ﾟ益ﾟ)ﾉﾞ ｹﾞﾗｹﾞﾗ
＿/＼(* ﾟ∀ﾟ)ﾉﾞ ｹﾞﾗｹﾞﾗ
＿/＼(* 谷)ﾉﾞ ｹﾞﾗｹﾞﾗ
"┏(oﾟ,_Jﾟ)ガハハハハッ!!"
ｱﾊﾊﾊﾊ！(≧ε≦)ﾉ))ｳヶﾙｳヶﾙ
ｷｬﾊﾊﾊﾊｯ!!(≧▽≦)彡☆ﾊﾞﾝﾊﾞﾝ
≧(´▽`)≦アハハハハハ
ヾ(●^▽^●)ﾉわはは♪
あはははは！(ﾉ∀`)
ァﾋｬﾋｬ!!(*ﾉ∀ﾟ)σァﾋｬﾋｬ!!
ｱｯﾋｬｯﾋｬ!!ヽ(ﾟ∀ﾟ)ﾉｱｯﾋｬｯﾋｬ!!
ｱﾋｬﾋｬﾋｬﾋｬﾋｬﾋｬﾋｬ(ﾉ∀`)ﾋｬﾋｬﾋｬﾋｬﾋｬﾋｬﾋｬ!!
ﾟ･｡･(ﾉ∀ﾟ)σ･｡･ﾟｲｰｯﾋｯﾋｯﾋｯﾋｯﾋ
ﾟ･｡･(ﾉ∀`)σ･｡･ﾟｲｰｯﾋｯﾋｯﾋｯﾋｯﾋ
ﾟ･｡･(ﾉ皿`)σ･｡･ﾟｲｰｯﾋｯﾋｯﾋｯﾋｯﾋ
｡(ﾟ^Д^ﾟ )ﾟ｡ｷﾞｬﾊﾊ！｡ﾟ(ﾟ^Д^ﾟ)ﾟ｡ｷﾞｬﾊﾊ！｡ﾟ( ﾟ^Д^ﾟ)｡ｷﾞｬﾊﾊ！
ヽ(ﾟ∀ﾟ )ﾉｱｯﾋｬｯﾋｬ!!ヽ(ﾟ∀ﾟ)ﾉｱｯﾋｬｯﾋｬ!!ヽ( ﾟ∀ﾟ)ﾉｱｯﾋｬｯﾋｬ!!
ヾ(≧∀≦ )ﾌﾞﾊﾊｯ!!ヾ(≧∀≦)ﾉﾌﾞﾊﾊｯ!!( ≧∀≦)ﾉﾌﾞﾊﾊｯ!!
ヾ(´∀`*)ｱﾊﾊ！ヾ(*´∀`*)ﾉｱﾊﾊ！(*ノ∀`)ﾉｱﾊﾊ！
(*ﾉ∀ﾟ)ｱﾊﾊ八八ﾉヽﾉヽﾉヽﾉ ＼ / ＼/ ＼
( ´皿`)ｧﾊﾊﾊ歯ﾉヽノヽノヽ / ＼ / ＼ /  ＼
( ﾟ∀ﾟ)ｱﾊﾊ八八ﾉヽﾉヽﾉヽﾉ ＼ / ＼/ ＼
＼ ドッ！ ／  ＼ ぶはははははは！ ／
＼ ドッ！ ／  ＼ アハハハハ！！ ／
ヾ(≧▽≦)ﾉあははは！
(*ノ∀`)ｱﾊﾊ八八ﾉヽﾉヽﾉヽﾉ ＼ / ＼/ ＼
アハハ！(艸Ｏ∀o*∞)
(∞艸'∀`爆)ｧ '` ｧ '`
(艸*ﾟvﾟ*∞)ｧ '` ｧ '`
ﾌﾟｷﾞｬ━━━━m9(^Д^)━━━━━!!
ﾌﾟｷﾞｬ━━━(σ^Д^)σ━━━!!
ﾌﾟｷﾞｬ━━━m9(´ﾟ∀ﾟ`)━━━━!!!
ﾌﾟｷﾞｬ━━━m9(≧∀≦)━━━━!!!
m9(^Д^)ﾌﾟｷﾞｬ──────!!
m9(^Д^)ﾌﾟｷﾞｬー!!
m9^Д^)m9^Д^)m9^Д^)ﾌﾟｷﾞｬｰ!!
アヒャ,アハッ,クスッ,ケラケラ,ニコ,フッ,その他

(*ﾟ∀ﾟ)ｱﾋｬ
(ﾉ∀`)ｱﾋｬ
(･∀･)ｱﾋｬ
(ノω`*)ｱﾋｬﾋｬ
ｱｯﾋｬｯﾋｬ!!ヽ(ﾟ∀ﾟ)ﾉ
ｱﾋｬﾍ(ﾟ∀ﾟ*)人(*ﾟ∀ﾟ)ﾉｱﾋｬ
ｱﾋｬﾋｬ！(*ﾉ∀ﾟ*)σ
ｱﾋｬ！(*ﾉ∀'*)σ
(∞*Ｕ∀Ｕ*艸)アハ♪
アハ(*Ｕ艸Ｕ*∞)
(艸*>∀<*∞)アハッ
(∞艸'∀`*笑)ｱﾊｯ
(∞*'艸`*)ｱﾊﾊｯ
(艸∀`*)ｱﾊｯ
ｱﾊｯ(艸'∀`*)♪
(〃ﾟ艸ﾟ)ｸｽｯ
( ･艸･)ｸｽｯ♪
(o'艸')ｸｽｯ
(｡-艸-｡)ｸｽｸｽ
( *´pq`)ｸｽｯ
(｡ ゝ艸･)ｸｽｸｽ
( *´艸`)ｸｽｸｽ
( ^∀^ )ヶﾗヶﾗ
(*´ﾟ∀ﾟ`*)ヶﾗヶﾗ
((*ﾟ∀ﾟ))ヶﾗヶﾗ
((*´∀`*))ヶﾗヶﾗ
[ｳｹﾙ]∀`)っ)) ヶﾗヶﾗ
"ヶﾗヶﾗ(( ´･･_,`o))ヶﾗヶﾗ"
((´∀`))ヶﾗx2
ヶﾗヶﾗ((ノ∀`*))ヶﾗヶﾗ
((*Ｕ艸ｕ*))ヶラヶラ
((*Ｕ艸Ｕ*))ケﾞラケﾞラ
ヶﾗヶﾗ(艸ﾟ∀`*)♪
(｡>∀<｡)ﾆｺｯ
(oﾟ∀ﾟo)ﾆｺｯ
(｡･∀･｡)ﾆｺｯ
(*^-^*)ﾆｺ
(*'∀`*)ﾆｺ
(〃'▽'〃)ﾆｺｯ
(o´･∀･`o)ﾆｺｯ♪
(o'∀'o)ﾆｺｯ
(o^─^o)ﾆｺｯ
┐(´ー)┌ ﾌｯ
"(¬_,¬)ﾌｯ"
( ´ー`)ﾌｯ
ﾌｯ(´ｰ+`)ｷﾗｰﾝ
ヽ(´ー`)ﾉ ﾌｯ
ｫｰﾎｯﾎ (´Oﾉ`o) ｫｰﾎｯﾎ
オーホッホッホッ！(´∀ﾉ`*)
(´Oノ`*)オーホッホッ!!
(∞*Ｕ∀ｕ艸)ウケル
(∞*Ｖ∀ｖ*囮)
(∞*Ｏ∀Ｏp笑q
(*'v`艸)囮
(∞*'∀`艸)ｷｬﾊﾊ
(∞*'v`p囮q
(艸v`*)ｳﾌﾌｯ
苦笑

苦笑_〆(´Д`; )ﾊﾊｯ
ｧハハ…(´▽`)oO(ﾜﾗｯﾄｸｶ)
ｧハハ…(´ﾟДﾟ`;)
ｧハハ…(
ニヤニヤ,ウシシ,ククク,ケケケ

(･∀･)ﾆﾔﾆﾔ
(●`w´●)ﾆｧ
(￣ー￣)ﾆﾔﾘ
ﾆﾔﾆﾔﾆﾔ(･∀･)ﾆﾔﾆﾔﾆﾔ
ﾆｧﾆｧﾆｧﾆｧ(･∀･)ﾆｧﾆｧﾆｧﾆｧ
(･∀･)ﾆｧﾆｧ
(`pq´)ｩｼｼ
(￣∀￣)ウシシ
(￣皿￣)ウシシ
( *`艸´)ｳｼｼｼ
ｳｼｼｼ((≧艸≦))ｳｼｼｼ
ｳｼｼ(*≧ｍ≦)人(≧ｍ≦*)ｼｼｼ
( *^皿^)ｳｼｼｼｼ
"(-ι_,- )ｸッｸッｸ…"
|*`艸´)ククク…
ｸｸｸ(`pq´≡`pq´)ｸｸｸ
"( ´,_ゝ`)ｸｯｸｯｸ…( ´∀`)ﾌﾊﾊ…(  ﾟ∀ﾟ)ハｧｰﾊｯﾊｯﾊｯﾊ!!"
"(¬_,¬)ｸｸｸ"
ヶヶヶ((´∀`))ヶヶヶ
Ψ(￣∀￣)Ψケケケ
|`∀´)Ψヶヶヶ
ケヶケヶ((Φ∀Φ))ヶケヶケ
照れる,ポッ,キャ,イヤン,エヘヘ,ペチ,モジモジ,恥ずかしい

((ﾉд`*)っ))ﾃﾚﾃﾚ
ﾃﾚッ☆(ノ)´ω`(ヾ)
(*ﾉωﾉ)ﾃﾚ
(*'ｪ'*)ﾃﾚ
(*ﾟェﾟ*)ﾃﾚ
(〃￣ー￣〃)ﾃﾚ
･:*:･:(ﾉ'∀`*):･:*:･
(*>ω<*)ﾃﾚﾙｰ！
(ノ)ｪ(ヾ)ﾑﾆｭ
(P∀`q*)ﾃﾚ
(〃ﾉдﾉ)ﾃﾚ
(∞*Ｕ_ｕ艸)テレ
(艸ﾟv`*)ﾃﾚﾃﾚ
(∞*'v`pq)ﾃﾚ
((ﾉｪ`*)っ))ﾀｼﾀｼ
(*･ω･*)ﾎﾟｯ
(｡-_-｡)ﾎﾟｯ
(*ﾉωﾉ)ﾎﾟｯ
o┤*´Д`*├oﾎﾟｯ
|柱|qω〃)ﾎﾟｯ
(*'-'*)ﾎﾟｯ
(*μ_μ*)ﾎﾟｯ
(*´･_･`*)ﾎﾟｯ
(*'д`*)ﾎﾟｯ
･:*:･: ＿|￣|● ﾎﾟｯ:･:*:･
(u_u*)人(*v_v)ﾎﾟｯ
ﾎﾟﾎﾟﾎﾟ(*ﾟДﾟ(*ﾟДﾟ(*ﾟДﾟ*)ﾟДﾟ*)ﾟДﾟ*)ﾎﾟﾎﾟｯ
(〃▽〃)ﾎﾟｯ
(*´ｪ`*)ﾎﾟｯ
(ε-`*)人(*´-з)ﾎﾟｯ
(*´艸`)ｷｬ
(∩∀`*)ｷｬｯ
(*ﾉωﾉ)ｷｬｯ
(ﾉ∀＼*)ｷｬ
ｷｬｧ♪(*ﾉ∀ﾉ)
(*'vﾟ艸)ｷｬｯ
(艸'v`*)ｷｬｯ
(*ﾉдﾉ)ｷｬ…(*ﾉдﾟ)ﾉﾁﾗｯ
(*ﾉﾉ)ｷｬｯ(*ﾉωﾉ)ｷｬｯ(*ﾉωﾟ)ゝﾁﾗｯ(*ﾉωﾉ)ｷｬｯ(*ﾉﾉ)ｷｬｯ
(*ﾉωﾉ)ｷｬ…(*ﾉωﾟ)ﾉ…(*ﾉωﾉ)ｷｬ…(*ﾉﾟωﾟ)ﾉ…(*ﾉωﾉ)ｷｬｰ
ｷｬﾊ━━━━(#ﾟﾛﾟ#)━━━━ｯ!!
ｷｬｯ(/Д＼*))((*/д＼)ｷｬｯ
ｷｬ───(*ﾉдﾉ)───ｧ
ｷｬ─(艸'∀ﾟ*)─♪
(∞*>∀<*艸)ｷｬｰ！
ｷｬﾊ─(*'∀`pq)─♪
(*ﾉωﾉ)ｷｬｯ(*ﾉω･)ゝﾁﾗｯ
(*Vдv艸)ｲﾔﾝ
(艸дﾟ*)ｨｬ→ﾝ♪
q(q'∀`*)ｲﾔﾝ
(*´ﾟ∀ﾟ`*)ｲﾔﾝ
ﾔ───(*ﾉ3ﾉ*)───ﾝ
ｲﾔ───(*ﾉｪﾉ)───ﾝ！
ｲﾔ────(*･∀･*)────ﾝ！
(*/∀＼*)ｲﾔﾝ
ｲﾔ━━━━(*｣´ｪ`)｣━━━━ﾝ
(*´σｰ`)ｴﾍﾍ
(o´ｪ`o)ゞｴﾍﾍ
えへへ(〃⌒▽⌒)ゞ
(*￣∀￣)ゞｴﾍﾍ
(*'∀'*)ゞｴﾍﾍ
(*´ω`*)ゞｴﾍ
(*ﾉ∀`*)ゞｴﾍﾍ
(*-∀-*)ゞｴﾍﾍ
(*ﾟ益ﾟ)ゞｴﾍﾍ
(´>∀<`)ゝ))ｴﾍﾍ
(ﾉ∀ﾟ*)ﾍﾟﾁ
(ﾉ∀'*)ﾍﾟﾁ
(ﾉ∀･*)ﾍﾟﾁ
(ノ∀￣〃)ﾍﾟﾁ
(ﾉω`*)ﾍﾟﾁ
(ノ▽〃)ﾍﾟﾁ
(ﾉ∀`*)ﾍﾟﾁ
|電柱|ｮД`*)ﾓｼﾞﾓｼﾞ…
(*ｕдｕ)φﾓｼﾞﾓｼﾞ
ﾓｼﾞﾓｼﾞ(〃'д'σ[枕]
ﾓｼﾞ((*uεu*))ﾓｼﾞ
ﾓｼﾞ((*´ε` *))ﾓｼﾞ
((*ノд`*)σ))ﾓｼﾞﾓｼﾞ
((Pq'3`*))ﾓｼﾞﾓｼﾞ
恥ずかしい…(艸_･*)
|ｮ･ω･`*)ﾊｽﾞヵｼｨ…
|ｮ-公-〃)ﾊｽﾞｶｽｨ…
(/ω＼)ﾊｽﾞｶｼｰｨ(/ω･＼)ﾁﾗｯ
(〃ﾉωﾉ)ﾊｽﾞｶﾁｨ
ｶｧ…(*ﾉ3ﾉ)
ﾊｽﾞｶｼｨ…(*pωq*)
喜ぶ,ワーイ

(pﾟ∀ﾟq)ｷｭｷｭーﾝ
(っ´ｪ`c)ｷｭｷｭーﾝ
(p*'∀`*q)ｷｭﾝｷｭﾝ
ヾ(*ﾟ∀ﾟ*)ﾉｷｬｯｷｬｯ♪
ヽ(〃v〃)ﾉ ｷｬｯｷｬｯ♪
ヽ(ﾟ∀ﾟ)ﾉ うぇ──────ぃ♪
(´∀`∩)↑age↑(´∀`∩)↑age↑(´∀`∩)↑age↑
ｳｯﾎ━━━━ヽ(*'∀`*)ﾉ━━━━ｲ
ヾ(*´∀`*)ﾉ ｷｬｯｷｬｯ♪
*ﾟ｡+(n´v`n)+｡ﾟ* ﾆｨ-
(っ´∀`c)ｷｭﾝｷｭｰﾝ
ワァ──o(｡´･∀･`｡)o──ィ♪
ﾜｧ───ヽ(*ﾟ∀ﾟ*)ﾉ───ｲ
ワ─イ♪└┤*´∀`*├┘ワ─イ♪
(ノ≧∀)ﾉわぁ〜い♪
(ノ⌒▽)ノわぁい♪
ﾜｰｲ♪ヽ(ﾟ∀ﾟ)ﾒ(ﾟ∀ﾟ)ﾒ(ﾟ∀ﾟ)ﾉﾜｰｲ♪
ﾜ───ヽ(･∀･)ﾉ───ｲ
ﾜｧ───ヽ(〃v〃)ﾉ───ｲ
ワーイ♪(∞*ＵwＵ*人)
(人*'∀`*)ﾜｨ♪
ヮｰｨ(∞*'v`*人)
ﾜｰｨ♪(b*'v`*d)
(
おぉ♪,オォオォ♪

(pﾟ∀ﾟq)おぉ♪
(o'ヮ'o)おぉ♪
(oﾟДﾟo)ぉ♪
(*ﾟェﾟ*)ぉ♪
(o´∀`o)ぉ♪
(*'∀ﾟPq)ｫｯ
(ノ)´∀`(ヾ)おぉ♪
おぉ♪(〃▽〃人)
おぉ♪(*ﾉдﾟ*)ﾉ))
(∩･∀･)∩オォ！
(ﾉﾟДﾟ)ﾉオォオォ
ｵｫｫｰ!!w(*ﾟﾛﾟ*)w
オォオォＬ(`д´Ｌ)
オオォォ(*´艸`*)ォォオオ
オオォォ
ドキドキ,わくわく

ドキドキ((〃ﾟ艸ﾟ))ドキドキ
ドッキン (*'艸'*) ドッキン
ﾄｸﾝ…(*μ_μ)ﾄｸﾝ…
ﾄｸﾝ…ﾄｸﾝ…(*V_v艸)ﾄｸﾝ…ﾄｸﾝ…
┣¨ｯｷﾝｺ(艸дV*)┣¨ｯｷﾝｺ
┣¨キ(*ﾟ益ﾟ*)┣¨キ
･:*:･:┣¨キ(*ﾟДﾟ*)┣¨キ:･:*:･
┣¨キ(p´･_･`q)┣¨キ
|´ﾟДﾟ`)｡o○(ﾄﾞｷﾄﾞｷ)
|'∀'q)｡o(ﾄﾞｷﾄﾞｷ)
|緊張|ｮﾟДﾟ;))))ﾄﾞｷﾄﾞｷ
┣¨┣¨┣¨((*ﾟ▽ﾟ*))┣¨┣¨┣¨
┣¨┣¨┣¨┣¨┣¨(*ﾟｪﾟ*)┣¨┣¨┣¨┣¨┣¨
┣¨キ((p>ω<q))┣¨キ
┣¨ッキン((*ﾟдﾟ*))┣¨ッキン
┣¨キ(*´ｪ`*)┣¨キ
どき(p*ＶwＶ*q)どき
どき(p*Ｖ_Ｖ*q)どき
ﾄﾞｷﾄﾞｷ(p*o_Ｏ*q)
ワクワク ((p'∀'q)) ワクワク
+ (Oﾟ･∀･) + ﾜｸﾜｸﾃｶﾃｶ +
((o(´∀`)o))ﾜｸﾜｸ
ワクワク ((pﾟ∀ﾟq)) ワクワク
ワクワク♪_( _･∀･)_
わくわく ((p･ω･q)) わくわく
イェーィ

(b･ω･d)イｪｧ♪
(dﾟωﾟd)ｵｩｲｪｰ♪
(
キター,コナイ

(ﾟ∀ﾟ)ｷﾀｺﾚ
ｷﾀ(･∀･)ｺﾚ
(´ﾟ∀ﾟ`)ｷﾀｺﾚ
|ｮﾟДﾟ ))ｷﾀｺﾚ
･:*:･:(*ﾟДﾟ*)ｷﾀｺﾚ:･:*:･
きたか…！！( ﾟдﾟ )
ｷﾀ─('v')─!!
ｷﾀ──ヽ('∀')ﾉ──!!
ｷﾀ━━━(｡Ａ｡)━━━!!
ｷﾀ───(´∀`)───!!
ｷﾀ━━━(´ﾟдﾟ`)━━━!!
ｷﾀ━━━d(ﾟ∀ﾟ)b━━━!!
ｷﾀ━━y=-(ﾟ∀ﾟ)･∵━━ﾝ!!
ｷﾀ━━━ヽ(´ー`)ノ━━━!!
ｷﾀ━━━━(*ﾟ∀ﾟ*)━━━━!!
ｷﾀｰ!!☆⌒Y⌒Y⌒(( ｡Д｡)
ｷﾀ━━━━ヽ(ﾟДﾟ)ﾉ━━━━!!
ｷﾀ────∵･(ﾟ∀ﾟ)･∵────ｯ!!
ｷﾀ━━━━━━━(ﾟ∀ﾟ)━━━━━━━!!
ｷﾀ─wﾍ√ﾚｖｖ〜(ﾟ∀ﾟ)─wwﾍ√ﾚｖｖ〜─!!
ｷﾀ━━━━━━(pﾟ∀ﾟq)━━━━━━!!
ｷﾀ!!ｷﾀ!!ｷﾀ!!ｷﾀ!!<(´ﾟДﾟ`)>ｷﾀ!!ｷﾀ!!ｷﾀ!!ｷﾀ!!
ｷﾀ─────m9(^Д^)─────!!
(　　)ｷ…(　*ﾟ)ｷﾀ!( *ﾟ∀)ｷﾀ!!(*ﾟ∀ﾟ*)ｷﾀ━━!!!
ｷﾀ⌒Y⌒Y⌒Y⌒Y⌒Y⌒Y⌒Y⌒Y⌒Y⌒Y⌒Y⌒(｡Ａ｡)
ｷﾀ━━━━( ´∀`)･ω･) ﾟДﾟ)ﾟ∀ﾟ)･∀･)´_ゝ`)ﾟーﾟ)━━━━!!!!
ｷﾀ━━━ヽ(ヽ(ﾟヽ(ﾟ∀ヽ(ﾟ∀ﾟヽ(ﾟ∀ﾟ)ﾉﾟ∀ﾟ)ﾉ∀ﾟ)ﾉﾟ)ﾉ)ﾉ━━━!!!!
ｷﾀ━(ﾟ∀ﾟ)━(∀ﾟ )━(ﾟ　)━(　 　)━(　ﾟ)━( ﾟ∀)━(ﾟ∀ﾟ)━!!
| 北┝━┥東│東│東│ │ │ │発│発│発│中│中│中│北┝━!!!!
ｷﾀ━━━━(ﾟ∀ﾟ)━━━━!!
キタ─(∞ＵwＵ艸)─！
ｷﾀ─(*ﾟ∀`*人)─!!
ｷﾀ─(n*'vﾟ*n)─!!
ｷﾃﾅ───(ﾟдﾟ)───ｲ!!
ｷﾃﾅ───('A`)───ｲ!!
ｷﾃﾅ───(´ﾟДﾟ`)───ｲ!!
━─━─━─━─[来ま線]─━─━─━─━
ｺ…ﾅ…(;ﾟДﾟ人ﾟДﾟ;)…ｲ…
ｺﾅ━━━(´･3･`)━━━ｲ
ｺﾅｲ━━(´･ω･`)━━…
ｺﾈ━━━━<(;ﾟдﾟ;)>━━━━!!
ｺﾈ━━━(;ﾟ艸ﾟ;)━━━…
ｺﾈ━━━━(ﾟДﾟ)━━━━!!
ｺﾈ━━━(ﾉд`)━━━…
ｺﾈ━━━━(;;ﾟ;Д;ﾟ;;)━━━…
怒る,プンプン,キィー,プルプル,カチーン

(`･_･´)ｵｺﾀﾞﾖ!!
( `д´)ｹｯ
(`┴´)ムッ
((￣ ^ ￣　)プィッ
(※`ｕ_Ｕ*)プィ
ヾ(o´ﾟ∀ﾟ`o)ﾉﾞｶﾞｫｰ!!
(｢*ﾟ益ﾟ)｢ ｶﾞｵｰ!!
(｢´ﾟωﾟ)｢ がおー
(｢ ﾟДﾟ)｢ がおー
━─━─(乂`д´)許しま線─━─━
ｷﾚﾀ───ヾ(#`Д´#)ﾉ───!!
ｷﾚﾀ─wﾍ√ﾚｖｖ〜(`Д´)─wwﾍ√ﾚｖｖ〜─!!
(`Д⊂)ﾄﾞｩｰﾝ(⊃Д´)ﾄﾞｩｰﾝ(⊃Д⊂)ﾄﾞｩｰﾝヾ(*`Д´*)ﾉﾞﾄﾞｩｩ-ﾝ!!
-＝･＝-`　　'-＝･＝- ｷﾞﾛｯ!!
ヾ(oﾟДﾟo)ﾉﾞｶﾞｫｰ!!
(`ェ´) ﾋﾟｬｰ
(`･ω･´)ｼｬｷｰﾝ
(※`ｕ３Ｕ*)ぷぅ
(p*`ε'*q)ﾌﾟｩ
ヽ(`Д´)ﾉｳﾜｧｧｧﾝ
(#ﾟДﾟ)ﾌﾟﾝｽｺ
ﾌﾟﾝ(#`3´#)ﾌﾟﾝ
ﾌﾟﾝε=(`･д･´)=зﾌﾟﾝ
ε=(`･ω･´)ﾌﾟﾝｽｶﾌﾟﾝ!!
ﾌﾟﾝp(`Д´#≡#`Д´)qﾌﾟﾝ
ﾓｫｰ(p`･_･´q)ﾌﾟﾝﾌﾟﾝ
ﾌﾟﾝｽｺo(*`ω´*)oﾌﾟﾝｽｺ
(*`ｴ´*)ﾌﾟﾝﾌﾟﾝ
ﾌﾟﾘo(*`3´*)oﾌﾟﾘ
(p*`A'*q)ﾌﾟﾘﾌﾟﾘ
(ﾟ皿ﾟ)ｷ──ｯ!!
ク！ヤ！(p>皿<q)シ！イ！
ｷｨｨｨ!!ヽ(≧皿≦)ﾉ ｷｨｨｨ!!
ｷｨｨ───ヾ(*`ｪ´*)ﾉ───ｯ!!
ヽ(*`皿´*)ﾉｷｨｨ──!!!!
ｷｨ─(n*`3'*n)─!!
( #`-_ゝ-)ﾋﾟｷﾋﾟｷ
(( -´д-))y-‾ ﾌﾟﾙﾌﾟﾙ
( #-`д-)ﾋﾞｷﾋﾞｷ
(*ﾟ∩ﾟ)o))ﾌﾟﾙﾌﾟﾙ
(#￣‐￣)o))ﾌﾟﾙﾌﾟﾙ
( #^ω^)ﾋﾞｷﾋﾞｷ
""
暴言

"( ´ﾟ,_Jﾟ)必死ﾀﾞﾅw"
( ´∀`)ｵﾏｴﾓﾅｰ
( ´∀`)ぬるぽ
( ﾟдﾟ)ｱｷﾀﾖ…
( ;^ω^)ﾂﾏﾝﾈ
(ﾟДﾟ)ﾊｧ?
(ﾟДﾟ)ﾊｧ？(-Д-)ゝﾅﾝﾀﾞｯﾃ?
で？( ･´ｰ･`)
(ﾟ
泣く,嘘泣き

(´;ω;`)ｳｯ…
(´;д;`)ｳｯ…
(｡ノ_･｡)ｳｯ…
(´；ω；`)ｳｯ…
(ﾟうｪ´ﾟ)ｳｯ…
(ノω･､)ｳｩ
(`；ω；´)ｳｯ
｡ﾟ(ﾟ^ｪ^ﾟ)ﾟ｡ﾋﾟｰ
｡ﾟ(｡>ω<｡)ﾟ｡ﾋﾟｰ
｡･ﾟ･(*/□＼*)･ﾟ･｡ｳﾜｧｰﾝ
｡ﾟ(｡ﾉω＼｡)ﾟ｡ｳﾜｧｰﾝ
｡ﾟ( ﾟ´д`ﾟ )ﾟ｡ｳｪｰﾝ
(Ｔ┏_┓Ｔ)ｼｸｼｸ
｡+ﾟ(pωq)ﾟ+｡ｴｰﾝ
ﾒｿﾒｿ(｡pω-｡)ﾒｿﾒｿ
ﾋﾞｴｪｪｪ｡ﾟ(｡ﾉωヽ｡)ﾟ｡ｪｪｪｴﾝ!!
ヨョヨョヨョヨョ｡+ﾟ(ﾉД`)ﾟ+｡ヨョヨョヨョヨョ
ゥヮ───｡ﾟ(｡pдq｡)ﾟ｡───ﾝ!!
ゥヮ──｡ﾟ(PД`q*)ﾟ｡──ﾝ
ゥｱ────｡ﾟ(ﾟ´Д`ﾟ)ﾟ｡────ﾝ!!
｡ﾟ(●ﾟ´Д)ﾉ｡ﾟヽ(    )ﾉﾟ｡ヽ(Д`ﾟ●)ﾉﾟ｡｡ﾟヽ(●ﾟ´Д`ﾟ●)ﾉﾟ
｡ﾟ(oﾟ´д)ﾉ｡ﾟヽ(    )ﾉﾟ｡ヽ(д`ﾟo)ﾉﾟ｡｡ﾟヽ(oﾟ´д`ﾟo)ﾉﾟ
(´；д；`)ｳｯ…
(ノω；`)ｼｸｼｸ
｡ﾟ(ﾟ´ω`ﾟ)ﾟ｡ﾋﾟｰ
｡･ﾟ･(*ﾉД`*)･ﾟ･｡ｳﾜｧｰﾝ
ﾒｿﾒｿ(｡pдq｡)ﾒｿﾒｿ
｡ﾟ(*ﾉДﾉ)ﾟ｡わ〜ん
｡ﾟ(●'ω'o)ﾟ｡うるうる
｡ﾟ(ﾟ^∀^ﾟ)ﾟ｡ﾌﾞｪｰ
え〜ん(艸_Ｕ`*)ﾟ｡
ぐすん(艸ωＵ`*)ﾟ｡
ﾋﾞｪ──･ﾟ･(｡>д<｡)･ﾟ･──ﾝ!!
ゥﾜｧ───ヽ(ﾟ`Д´ﾟ)ﾉ───ｧｧﾝ!!
(つд⊂)ｳｴｰﾝ(つд･ )ﾁﾗ
･ﾟ･(ノДヽ)･ﾟ･ウワァン!!(ノД･)ﾉﾁﾗｯ･ﾟ･(ノДヽ)･ﾟ･ウワァン!!
ｴ━･ﾟ･(*ﾉﾉ)━(*ﾉωﾉ)━･ﾟ･(*ﾉωﾟ)ゝﾁﾗｯ･ﾟ･━(*ﾉωﾉ)━(*ﾉﾉ)･ﾟ･━ﾝ!!!
･ﾟ･ｩヮ-ﾝ(Pд`q｡)･ﾟ･ﾁﾗｯ(pﾟд`q｡)･ﾟ･ｩヮ-ﾝ(Pд`q｡)･ﾟ･
｡ﾟ(｡ﾉωヽ｡)ﾟ｡ﾋﾞｪｰﾝ(｡ﾉω･ヽ)ﾁﾗｯ｡ﾟ(｡ﾉωヽ｡)ﾟ｡ﾋﾞｪｰﾝ
落ち込む,ショボーン,シュン

∧||∧ ｲｯﾃｸﾙ
|出口|   λ...ﾄﾎﾞﾄﾎﾞ
(-＿-)ｳﾂﾀﾞ
('A`)ﾏﾝﾄﾞｸｾ
＼(^o^)／ｵﾜﾀ
ﾅﾝﾃｺｯﾀ／(^o^)＼
ﾓｳﾔﾀﾞ… ('､з)っ⌒っ
ﾓｳﾀﾞﾒﾎﾟ(ノД`;)
(´･д･`)ｼｮﾎﾞーﾝ
ｼｮﾎﾞ──(´-ω-`)──ﾝ
ｼｮﾎﾞ──(´･ω･`)──ﾝ
ｼｮﾎﾞ──(´･_･`)──ﾝ
(´･ω･`)ｼｮﾎﾞーﾝ
(*´ｕ_Ｕ*)ｼｮﾎﾞｰﾝ
|ω-`*)ｼｭﾝ
ｼｭﾝ(oT-T)oｼｭﾝ
(´_ _`)ｼｭﾝｼｭﾝ
(´-ω-`)ｼｭﾝｼｭﾝ
(´-ｪ-`)ｼｭﾝｼｭﾝ
(艸Ｕ_ｕ`*)ｼｭﾝ
(艸Ｕдｕ`*)ｼｭﾝ
(*´Ｕ_Ｕ*)ｼｭﾝ…
ｼｭﾝ(艸дｕ`*)
ｼｭﾝ(艸_ｕ`*)
(艸'ε`*
イジイジ,チェッ,ムー,モー

ｨﾁﾞｨﾁﾞ( ´･ｪ･`)σ|
ｨｼﾞｨｼﾞ( ;´-д-)σ＠
ｲﾁﾞｲﾁﾞ( ´v_v)σ＠
ｲｼﾞｲｼﾞ( ´･_･`)σ|
ｲｼﾞｹﾃﾔﾙ( *_ _)σ|
ｲﾁﾞｲﾁﾞ(*´；ω；)σ|
ｲｼﾞｲｼﾞ( ´-ω-)σ＠
(´･_`･ )ﾁｪｯ
( ´ﾟ3ﾟ)ﾁｪｯ
(-公-; )チッ
(´･ε`･ )ﾁｪｯ
(´-ε-` )ﾁｪｯ
･、λ ﾁｪｯ
λ･、 ｲﾀｯ
(o '3' )ﾑｰ
( *`3´)ﾑ-
(*¬3¬*)むぅ
(´･ε･`)ﾑｰ
(*･ε･*)ﾑｰ
(※`o_Ｏ´*)むぅ
(p*`3'*q)ﾑｰ
(´･_`･ )んもぅ
( ･´3`･)んもぅ
(*´･3･`)んもぅ
(´･д`･ )ﾓｰ
(´･д･`)ﾓｰ
甘┳┓ﾓｰ
(´･_･`)ﾓｰ
(p*'ε`*q)ﾓｰ
ごめん

ごめん…(･´ω･`)ゞ
(´-ω-`)ゞ スマソ！
ごめんなさい(●´ω`●)ゞ
ぅぅ…(´；ω；`)ｺﾞﾒﾝﾈ
ゴ メ (o'д'o)ゞ ン ネ
ｺﾞﾒﾝﾅｻ──･ﾟ･(｡>д<｡)･ﾟ･──ｲ
ｽﾏ───ｍ(≧Д≦)ｍ───ﾝ!!
ｺﾞｯﾒ───
ビックリ

""
ドーン,なんと

┣¨━━━━(´Д` )━━━━ン
┣¨━━━━((ﾟДﾟ; ))━━━━ン
┣¨━━━━(´ﾟДﾟ`)━━━━ン
┣¨┣¨┣¨┣¨(;ﾟｪﾟ;)┣¨┣¨┣¨┣¨
┣¨┣¨┣¨┣¨( ﾟдﾟ )┣¨┣¨┣¨┣¨
┣¨┣¨┣¨┣¨(ﾟДﾟ;)┣¨┣¨┣¨┣¨
┣¨┣¨┣¨┣¨┣¨┣¨┣¨┣¨┣¨┣¨┣¨
┣¨━━━━(*ﾟДﾟ*)━━━━ン
ナヌッ
エェェ！

工工工エエェェ(ﾟДﾟ)ェェエエ工工工
工工エエェェ(*`ﾛ´ﾉ)ﾉェェエエ工工
工工エエェェ((ﾟдﾟ; ))ェェエエ工工
工工エエェェ
ブッ

(oﾟｪﾟ)･;'.、ﾌﾞｯ
( ´ﾟДﾟ)･;'.、ｶﾊｯ
( ´Д`)･;'.、ｶﾊｯ
( *´ω`)･;'.、ﾌﾞｯ
( ﾟ艸ﾟ)･;'.、ﾌﾞｯ
( ´3`)･;'.、ﾌﾞｯ
( ´'ω'`)･;'.、ﾌﾞｯ
(*;ﾟ;ж;ﾟ;*)ﾌﾞｯ
.';･(;ﾟ;ж;ﾟ; )ﾌﾞｯ
.';･ゞ(ﾟεﾟヽ)ﾌﾞｯ
.';･('ε'o)ﾌﾟﾋﾟｯ
.';･(ﾟДﾟ*)ｶﾞﾊｯ
.';･ゞ(≧ε≦ )ﾌﾞｯ
.';･ヽ(ﾟ∀ﾟゞ)ﾌﾞｯ
( ´ﾟωﾟ)･;'.、ﾌﾞッたまげ
.';･ヽ(ﾟωﾟゞ)ﾌﾞｯ
ガクブル,怖い,ヒィー

ｶﾞｸｶﾞｸ((( ;ﾟДﾟ)))ﾌﾞﾙﾌﾞﾙ
ｶﾀｶﾀ(((´･Д･`)))ﾌﾟﾙﾌﾟﾙ
ﾌﾞﾙﾌﾞﾙ((;ﾟェﾟ;))ﾌﾞﾙﾌﾞﾙ
ｶﾞｸ((( ;ﾟДﾟ)))ﾌﾞﾙ
ｶﾞｸｶﾞｸ((;OдO))ﾌﾞﾙﾌﾞﾙ
ｶﾞﾀｶﾞﾀ(((ﾟДﾟ)))ｶﾞﾀｶﾞﾀ
ｶﾀｶﾀｶﾀ(((;ﾟ;Д;ﾟ;)))ｶﾀｶﾀｶﾀ
ﾌﾞﾙﾌﾞﾙ(((=ω=)))ﾌﾞﾙﾌﾞﾙ
ｶﾞｸﾌﾞﾙ((ノ)ﾟДﾟ(ヽ))ｶﾞｸﾌﾞﾙ
ﾌﾟﾙﾌﾟﾙ(((;ﾟдﾟ;)))ﾌﾟﾙﾌﾟﾙ
"((p*>w
"
"((p*>_
"
((p*Ｏwo*q))ﾌﾟﾙﾌﾟﾙ
( ;ﾟДﾟ)怖ァ…
|ｮﾟДﾟ;))怖ァ…
ｺﾜ━━━━━(;´Д`;)━━━━━!!
ｺﾜ────((;ﾟДﾟ;))────!!!!
ぅあ───(((;'Д' )))───!!!!
[様子見]ｮﾟωﾟ;)
ﾋｨｰ！(>ω<ﾉ)ﾉ
ﾋｨｨｨｨ
あせる,ドキッ

ｱﾀﾌﾀヽ(´ﾟдﾟ`;≡;´ﾟдﾟ`)ﾉｱﾀﾌﾀ
ｱﾀﾌﾀヽ(ﾟェﾟ ;≡; ﾟェﾟ)ﾉｱﾀﾌﾀ
ｱﾀﾌﾀ((o(=ω=`; )( ;´=ω=)o))ｱﾀﾌﾀ
ｵﾛｵﾛ((ヽ(；ω；)ﾉ))ｵﾛｵﾛ
ｵﾛｵﾛo(；д；o≡o；д；)oｵﾛｵﾛ
ﾄﾞｰｼﾖ<(ﾟДﾟ; )><( ;ﾟДﾟ)>ﾄﾞｰｼﾖ
┣¨┣¨┣¨(ﾟДﾟ; )ﾄﾞｰｼﾖ
ｱﾀﾌﾀ((ヽ(;´Д`)ﾉ))ｱﾀﾌﾀ
""
驚く

""
照れる

(*ﾟДﾟ)
(*ﾟДﾟ*)
(*ﾟдﾟ*)
(〃ﾟдﾟ〃)
(*´ﾟдﾟ`*)
(艸дﾟ*)
(*ﾟ∀ﾟ*)
(ﾉ∀ﾟ*)
(*ﾟｪﾟ*)
(#ﾟﾛﾟ#)
(*ﾟーﾟ)
(*ﾟーﾟ*)
(*ﾟ益ﾟ)ゞ
(*ﾟ益ﾟ*)ゞ
(*ﾟヮﾟ*)
(*ﾟvﾟ*)
(*´∀`*)
(ﾉ∀`*)
(*´∀`)
(*ﾉ∀`*)
(∩∀`*)
(つ∀`*)
(*´ω`*)ゞ
(ノω`*)
(*´Д`*)
o┤*´Д`*├o
(*´ｪ`*)
(*´ェ`*)
(*´益`*)
(*｣´ｪ`)｣
(*´3`*)ゞ
(*ﾉε`*)
(*´ー`*)
(*´ｰ`)ゞ
(*´艸`)
(*`艸´)
(*´艸`*)
(* ´_ゝ`)
(*'∀'*)
(*'д'*)
(*'ω'*)
(*'ヮ'*)
(*'-'*)
(ﾉ)'ω`(ヾ)
(*'.'*)
(*'ｪ'*)
((ﾉｪ`*)っ))
((ﾉд`*)っ))
(Pq'v`*)
(ノv`*)
(ノw`*)
(*'ｪ`*)
(*'д`*)
o┤*'д`*├o
(*´w`*)
(*´･w･`*)
(*-∀-)ゞ
(*-∀-*)
(*´=∀=)
(･∀･`*)
(*･∀･)
(*･∀･*)
(*´･ω･)
(*･д･*)
(*･ε･*)
(･ε･`*)
(*>ω<*)
(´>∀<`)ゝ
(｡-_-｡)
(｡･ ･｡)
(〃∀〃)ゞ
(ノ▽〃)
(〃ω〃)
(〃艸〃)
(p〃д〃q)
(*v.v)
(*u_u)
(*μ_μ)
(*v_v)
(*V_v*)ゞ
(*ｕдｕ)
(*Vдv艸)
(*￣∀￣)
(ノ∀￣〃)
(*≧∀≦)ゞ
(//_q//)
(///∀///)
(//∇//)
(///)
///////////
(*/▽＼*)
(ﾉ∀＼*)
(*ﾉ∀ﾉ)
(*ﾉдﾉ)
(〃ﾉωﾉ)
(*pωq*)
(*ﾉ3ﾉ)
(*ﾉｪﾉ)
(ノ)ｪ(ヾ)
(*ﾉﾉ)
(PqＶдｖ*∞)
(艸Ｕ_Ｕ*)
(∞Ｕ_Ｕ艸)
(艸Ｕ_ｕ∞)
(*Ｖ_ｖ艸)
(*Ｕдｕ艸)
(艸Ｕ∀Ｕ*)
(∞*Ｕ_Ｕ)ｂ
(PqＶ_ｖ*∞)
(∞*Ｖдｖ*艸)
(*Ｖ_ｖ人)
(照*Ｏ_Ｏ*艸)
(艸*Ｕдｕ*∞)
(*艸_Ｕ照)
(照*Ｕ_艸)
(艸_Ｕ*照)
(艸wＵ*照)
(∞*Ｕ_Ｕ*Pq)
(∞Ｕ_Ｕ照)ゞ
(∞ＵωＵ照)ゞ
(照*Ｕ∀艸)
(*艸εＵ照)
(∞*ＵдＵ*)ゞ
(∞*Ｕ_Ｕ*)ゞ
(艸*Ｕ_ｕ*∞)
(∞*Ｕ_Ｕ*艸)
(∞*ＵдＵ*艸)
(艸Ｕдｕ∞)
(∞*Ｖ_ｖ*艸)
(∞*ＵεＵ*Pq)
♪(艸*'v`*照)♪
(照*'∀`*艸)
(照*艸3`*)
(∞*ﾟvﾟ*艸)
(艸*'v`*∞)
(*ﾟv`Pq)
(Pq'vﾟ*)
(Pq'v`*)
怒る

(ﾟДﾟ)
ヽ(ﾟДﾟ)ﾉ
(#ﾟДﾟ)
( ｢ﾟДﾟ)｢
(ﾟ
喜ぶ

ヽ(oﾟｪﾟo)ﾉ
(bﾟｪﾟo)
(*ﾉｪﾟ)b
ﾟ+(*ﾉｪﾟ)b+ﾟ
ヾ(*ﾟｪﾟ*)ﾉ
ﾟ+(bﾟｪﾟ*)+ﾟ
(ﾟ∀ﾟ)
ヽ(ﾟ∀ﾟ)ﾉ
ヽ(*ﾟ∀ﾟ*)ﾉ
(´ﾟ∀ﾟ`)
(人ﾟ∀ﾟ*)
""
泣く

(´;Д;`)
(´;д;`)
(´；Д；`)
(´；д；`)
(；∀；)
(ノ∀；`)
(´；ω；`)
(`；ω；´)
(；ω；)
(ノω；`)
｡ﾟ(´pω･`)ﾟ｡
(｡pω-｡)
(ノω･、)
(ノ_･｡)
･ﾟ･(｡>Д<｡)･ﾟ･
｡･ﾟ･(>д<)･ﾟ･｡
(ﾟ´ω`ﾟ)
｡ﾟ(P'ω`q)ﾟ｡
｡ﾟ･(PД`q )･ﾟ｡
｡ﾟ(PД`q*)ﾟ｡
･ﾟ･(ﾟ`Д´ﾟ)･ﾟ･
｡ﾟヽ(ﾟ`Д´ﾟ)ﾉﾟ｡
･ﾟ･(ノД`)･ﾟ･
･ﾟ･(ﾟ´Д`ﾟ)･ﾟ･
｡ﾟ(ﾟ´Д`ﾟ)ﾟ｡
｡ﾟ(つД`)ﾟ｡
･ﾟ･(ﾟうｪ´ﾟ)･ﾟ･
(ﾟうｪ´ﾟ)
｡ﾟ(ﾟ´д`ﾟ)ﾟ｡
｡ﾟ(●'ω'o)ﾟ｡
･ﾟ･(P'д`q｡)･ﾟ･
｡ﾟ(p'д`q*)ﾟ｡
･ﾟ･(*ﾉДﾉ)･ﾟ･
｡ﾟ(｡pдq｡)ﾟ｡
･ﾟ･(´pωq`)･ﾟ･
｡ﾟ(｡ﾉω＼｡)ﾟ｡
｡+ﾟ･(pωq)･ﾟ+｡
｡+ﾟ･(ﾉωヽ)･ﾟ+｡
｡ﾟ(/□＼*)ﾟ｡
｡･ﾟ･(*/□＼*)･ﾟ･｡
(Ｔ┏_┓Ｔ)
｡ﾟ(･´Д`･)ﾟ｡
･ﾟ･(*ﾉﾉ)･ﾟ･
｡* ﾟ + ｡･ﾟ･(ﾉД`)
｡ﾟ(艸дＯ`悲)
(悲´Ｏдo艸)ﾟ｡
(涙*>_<*艸)ﾟ｡
｡ﾟ(艸_Ｕ`泣)
(涙*>д<*艸)ﾟ｡
｡ﾟ(艸дＵ`泣)
(p涙q>３<*)ﾟ｡
(
落ち込む

(´△`)
(´ﾟｪﾟ`)
(≧Д≦)
(´._.`)
(´ﾟωﾟ`)
(´д`)
( ´Д` )
(´ρ`)
(｡´＿`｡)
(｡´_`｡)
┐(´д`)┌
(ノﾛ≦*)
(´･ω･`)
""
恐怖・汗

(;ﾟдﾟ)
""
笑う

(〃ﾟ艸ﾟ)
ﾟ･｡･(ﾉ∀ﾟ)σ･｡･ﾟ
((*ﾟ∀ﾟ))
((´ﾟ∀ﾟ`))
(ﾉ∀`)
｡ﾟ(ﾉ∀`)ﾟ｡
ﾟ･｡･(ﾉ∀`)σ･｡･ﾟ
｡ﾟ(ノ∀`*)ﾟ｡
((´∀`))
((*´∀`*))
((´∀`*))
((´艸`*))
( *´艸`)
( ´艸`)
( *`艸´)
( `pq´)
(*´pq`)
ﾟ･｡･(ﾉ皿`)σ･｡･ﾟ
(´∀ﾉ`*)
(´Oノ`*)
(´ｍ`)
(*ﾉε` )σ
(*･艸･)
(*-艸･*)
(｡-艸-｡)
(･∀･)
(笑´･艸･)
(｡ ゝ艸･)
(｡ ﾉ∀<)σ
(｡ >艸<)
(*≧艸≦)
(*≧▽≦)ﾉｼ))
(*≧ｍ≦)
(*≧pq≦)
(￣∀￣)
(￣ー￣)
(*￣ｍ￣)
(￣ｍ￣〃)
( *^皿^)
(( ^∀^ ))
m9(^Д^)
(^Д^)
｡ﾟ(ﾟ^ｪ^ﾟ)ﾟ｡
｡ﾟ(ﾟ^∀^ﾟ)ﾟ｡
｡ﾟ(ﾟ^Д^ﾟ)ﾟ｡
｡ﾟ(ﾟ^д^ﾟ)ﾟ｡
｡ﾟ(ﾟ^艸^ﾟ)ﾟ｡
｡ﾟ(ﾟ^ω^ﾟ)ﾟ｡
"(¬_,¬)"
"(｡･´_,`･｡)"
"(-c_,-` )"
"(`c_,´ )"
"(´ﾟc_,ﾟ` )"
"(oﾟc_,ﾟo )"
"(　´,_ゝ`)"
( ･´ｰ･`)
"( ´,_‥`)"
"(´‥_,` )"
わたし

σ(´ω`)
σ(´ー`)
σ(´･_･`)
σ(´･д･`)
σ(`･д･´)
σ(*ﾟェﾟ*)
σ(ﾟ∀ﾟ)
σ(´ﾟдﾟ`)
σ(ﾟДﾟ)
σ(o'ω'o)
σ(*'д'*)
σ(￣Д￣)
σ(^▽^)
σ(*'v`*)
σ(｡>∀<｡)
σ(≧∀≦)
σ(
あなた

(　´_ゝ`)σ
( ´∀`)σ
(*´ω`)σ
( ´ー`)σ
(｡･ω･)σ
( ´･_･`)σ
( `･д･)σ
( ･∀･)σ
(*ﾟェﾟ)σ
( ´ﾟдﾟ)σ
( ﾟДﾟ)σ
(o'ω')σ
(o'∀')σ
( ´･д･)σ
( ￣皿￣)σ
(o^▽^)σ
(*'v`)σ
( ≧∀≦)σ
( 
挨拶

(o'∀')ﾉ
( *'3`)ﾉ
(* 'ー')ﾉ
(o'ω')ﾉ
(* 'ω')ﾉ
(o'ー'o)ﾉ
(○ 'ー')ノ
( *ﾟｪﾟ)ﾉ
(=ﾟωﾟ)ﾉ
(ﾟ∀ﾟ)ﾉ
(ﾟдﾟ)ﾉ
(ﾟДﾟ)ﾉ
(ノﾟｪﾟ)
(●ﾟェﾟ)ノ
(｡ゝ∀･)ﾉ
(｡-∀-)ﾉ
(｡･∀･)ﾉ
( `･∀･)ﾉ
( ´･ω･)ﾉ
(´･∀･)ﾉ
( ´ー`)ﾉ
(*´ｪ`)ﾉ
(*´ー`)ﾉ
( ´Д`)ﾉ
(o´∀`)ﾉ
(*´∀`*)ﾉ
(*ﾟｪﾟ*)ﾉ
(o^─^)ﾉ
(*'_`)ﾉ
(ノﾟДﾟ)
(ノ￣▽￣)
(*'-'*)ﾉ
(o'∀'o)ﾉ
(｡･ω･｡)ﾉ
(oﾟ∀ﾟo)ﾉ
(*･∀-*)ﾉ
(´･∀･`)ﾉ
(`･∀･´)ﾉ
(o´∀`o)ﾉ
(*´Д`*)ﾉ
( ´Д` )ﾉ
(｡･∀･｡)ゝ
(≧▽≦)ゞ
(｡･w･｡)ゝ
(oﾟｪﾟo)ゝ
(｡･_･｡)ゞ
(`･ω･´)ゞ
(o'д`o)ゝ
( ￣ー￣ )ゞ
(｡･д･｡)ﾉｼ
(´；ω；`)ﾉｼ
(；д；)ﾉｼ
(´ゝ∀･`)ﾉｼ
(*´▽`*)ﾉ))
(´ω`)ﾉｼ
(*´Д`*)ﾉ))
(｡ﾉω<｡)ﾉ))
(｡>∀<｡)ﾉｼ
(*'Д'*)ﾉｼ
(≧∀≦)ﾉ
(*>∀<*)ゞ
(o'д')从('д'o)
(o･-･)从(･-･o)
(=ﾟωﾟ)人(ﾟωﾟ=)
(o´д`)人(´д`o)
(oﾟдﾟ)爻(ﾟдﾟo)
旧顔文字

(^-^)/
(^-^)
(^-^ゞ
p(^-^)q
o(^-^)o
(*^-^*)
(^-^;
(^_^)
(^_^)/
(^_^)v
(^_-)-☆
(*^_^*)
(*^o^*)
(^o^)
(^o^)/
(^o^)v
(^o^)ゞ
(^^)
(*^^*)
(^^;
(^^ゞ
(-_-)
(-_-;)
(ﾉ_-;)
(T_T)
(ToT)
(ToT)/‾
(T-T)
(T-T)/‾
(･_･)
(･ ･;)
(>_<)
(;_;)
(@_@)
(‾_‾)
(+_+)
(*_*)
m(__)m
友情,仲間

ﾅｶﾖｼ(○´∀`人´∀`○)ｺﾖｼ
｡+｡ﾟ☆ﾅｶﾖｼ(*ｕдｕ人ｕдｕ*)ｺﾖｼ☆ﾟ｡+｡
( ﾟ∀ﾟ)人(ﾟ∀ﾟ )ﾄﾓﾀﾞ-ﾁ♪
ﾅｶﾖｼ( ´･∀･)乂(･∀･` )ｺﾖｼ
一生 (*≧з)乂(ε≦*) 友達
(o´ｪ`)ﾉ｡+｡ﾟ☆友情☆ﾟ｡+｡ヽ(´ｪ`o)
[ずっとお友達](*ﾟｪﾟd)⌒☆
ｵｰﾙﾗﾋﾞｭ(´ゝ3･`)ﾉ⌒☆
･:*:･:(p*'v`*[☆Best Friend☆]*'v`*q):･:*:･
(∞*ｕ_ｕp友q
(*ＵωＵp友q
ﾅｶﾏ♪(ノ'∀')人('∀'ヽ)ﾅｶﾏ♪
ﾅｶﾏ♪d(d∀ﾟ)(ﾟ∀b)bﾅｶﾏ♪
･:*:･:ﾅｶｰﾏ( ´ω`)人(´ω` )ｲｪｲ:･:*:･
(∩´∀`)∩ﾐﾝﾅ (っ´∀`)っ))ﾅｶﾏｯ
ﾅｶ──(･∀･)人(･∀･)──ﾏ
ナカ──(o'∀')人('∀'o)──マ♪
ﾅｶ──( *´∀`)･ω･) ﾟДﾟ)･∀･)￣ー￣)´_ゝ`)──ﾏ
LOVE,好き,チュ

ｹｺ━━━(･∀･)人(･∀･)━━━ﾝ
＿|￣|○)) 深い仲 ((○|￣|＿
ｺﾁｮｺﾁｮ( *ﾟｪﾟ)爻(ﾟｪﾟ* )ｺﾁｮｺﾁｮ
･:*:･:(*´бω)人(ωб`*):･:*:･
ﾟ+.*:･:(*´Д')人('Д`*):･:*.+ﾟ
･:*:･:(*v_v)人(u_u*):･:*:･
ﾟ+.*:･:(*´-ω)(ω-`*):･:*.+ﾟ
ﾗﾌﾞﾗﾌﾞ(*σ_σ)人(σ_σ*)ﾗﾌﾞﾗﾌﾞ
ﾗﾌﾞﾗﾌﾞ(*´-з)(ε-`*)ﾗﾌﾞﾗﾌﾞ
ﾋﾟﾄ(｡-ω-人-ω-｡)ﾎﾟｯ
ｽﾘ(o-ω･o人o･ω-o)ｽﾘ
ｽﾘ(●'∀`人'∀`●)ｽﾘ
･.*:+:ｽﾘ((*u_u)u_u*))ｽﾘ:+:*.･
ﾟ+.*:･:ｽﾘ((´-ω-)-ω-`))ｽﾘ:･:*.+ﾟ
ｷﾞｭ(oﾟｪﾟ人ﾟｪﾟo)ｷﾞｭｯ
ｷﾞｭ(＊ﾟーﾟ人ﾟーﾟ＊)ｷﾞｭｯ
ﾀﾞｷｯ((〃∀〃人〃∀〃))ｷｬﾊﾊ
ﾀﾞｷ───(*´･_･人･_･`*)───!!
ﾀﾞｷ───(*ｕдｕ人ｕдｕ*)───!!
(∞*Ｖ_ｖ*恋)
(∞*ｕ_Ｕp愛q
(*ｕ∀ｕp愛q
(*ｕωＵp恋q
(∞*'∀`p愛q
(p恋q'3`*∞)
(ﾟ∀ﾟ)ﾗｳﾞｨ!!
ﾀﾞーｨ(*´∀`*)ゝﾁｭｷ
I Love (*v_v)σ ★─You─★
+.*:･:ｽ ｷ (*Vдv艸) ﾀﾞ ﾖ:･:*.+
ｽｷ───(っ'∀`c)───!!
ｼｭｷ((ヾ(*>∀<*)ﾉ))ｼｭｷ
ﾁｭｷ(〃´з'人'ε`〃)ﾁｭｷ
(*'ε`*)ﾁｩ
ﾁｭｩ♪(*´ε`*)ﾁｭｩ♪
ﾁｭｯ(*ゝ3･)ﾉ^☆
ﾁｭｯﾁｭ☆⌒(*ゝε･人)
ε=ε=((ﾉﾟ3ﾟ)ﾉ ﾁｭ!!ﾁｭ!!ﾁｭ!!
(｡-_-｡)ε･`*)ﾁｭｯ
(*´-ω(　　)チュゥ♪
ﾁｭｯ((●-з)(ε-●))ﾁｭｯ
ﾑﾘﾔﾘ( *`3)ω<*)ﾁｭ!!
･:*:･:(*´(^*　)ﾁｭｯ:･:*:･
ｵｶｴｼ(o-ω(ε-`o )ﾁｭｯ
ﾁｭｩ♪(*'3'(*'д`*)
[隠れ家]｡oO(ﾁｭﾁｭﾁｭﾁｭ♪)
｡+｡ﾟ☆ﾁｭｯ(*≧з)(ε≦*)ﾁｭｯ☆ﾟ｡+｡
ﾌﾞﾁｭｩ───( *´ﾟз)(εﾟ`* )───!!!!!!
･:*:･:ﾁｭ──(*´-з)ε-`*)──ｩ:･:*:･
(∞艸Ｖ３Ｖ*)チュッ
(*´Ｕ３Ｕ*)チュ
(人*'3`*)ﾁｩ♪
(*'ε`Pq)ﾁｭｯ
つんつん

つんつん(*´･w･)σ)･w･*)
ﾂﾂﾝのﾂﾝ(*´ﾟ∀ﾟ)σ)'ω`*)
ﾂﾝﾂﾝ( *`ｪ´)σ)ﾟДﾟ`)
ﾂﾝﾂﾝ(o'∀')σ)Д`;)
ﾂﾝﾂﾝ(〃´ｪ`)σ)´д･`)
ﾂﾝﾂﾝ(oﾟ3ﾟ)σ)`3ﾟo)
( *´ｪ`)-∈)`皿´o)ﾌﾟﾆ
( *´Д`)σ)`Дﾟ )ﾌﾟﾆｮﾌﾟﾆｮ
(●´∀`)σ)'Д`●)ﾌﾟﾆ
(oﾟェﾟ)σ))'εﾟ ;)ﾌﾟﾆｭ
ﾌﾟﾆ(〃･ω･)σ)･∀･*)
ﾌﾟﾆｮ( *´Д`)σ)Д`;)
ﾌﾟﾆｮ( *>ω<)σ)Дﾟ*)
ﾑﾆｭ( *´ﾟ3ﾟ)σ)ﾟωﾟ ;)
ﾑﾆｭ(*≧ω≦)σ)ﾟェﾟ*)
(　´_ゝ`)σ)'д`*)ﾂﾝﾂﾝ
ｱｧ?( ´Д`)σ)д`)ｧｩｧｩ
( *´∀`)σσσσ))´Д`*))ﾄﾞﾙﾙﾙﾙﾙﾙ
( *ﾟ∀ﾟ)━━);ﾟ;Д;ﾟ;;);∴━σ ﾄﾞｷﾞｭｰﾝ!!
ﾂﾝﾂﾝ(*´ｰ`)σ)Д`*)
ﾌﾟﾆ(｡v_v)σ)･_･;)ﾌﾟﾆ
ﾂﾝﾂﾝ( ´･∀･)σ)`ωﾟ)
( *´･д･)σ)･´_･`)ﾌﾟﾆｯ
((m9(*'д`*)ﾂﾝﾂﾝ
ハァハァ・興奮

'`ｧ'`ｧ (*´Д`*) '`ｧ'`ｧ
( *ﾟ∀ﾟ)=3ﾊｧﾊｧ
(*'д`*)ﾊｧﾊｧ…
(*´Д`*)ﾊｧﾊｧ…
( ;´Д`)ﾊｧﾊｧ (*´Д`)/lァ/lァ (*` Д´)／/ア／/ア／/ア！！
(*´益`*)ﾆﾀｧ
(〃艸〃)ﾑﾌｯ
ヒソヒソ

ﾋｿﾋｿ(o'ｰ')('ｰ'o)ﾋｿﾋｿ
ﾋｿﾋｿ(*ﾟ艸ﾟ)(ﾟ艸ﾟ*)ﾋｿﾋｿ
ﾋｿﾋｿ(｡･艸-)(-艸･｡)ﾋｿﾋｿ
ﾋｿﾋｿ( ´･∀･)(･∀･` )ﾋｿﾋｿ
ﾋｿ( ´д)ﾋｿ(´д`)ﾋｿ(д` )ﾋｿ
ﾋｿ( ´-∀･)ﾋｿ(´･∀･`)ﾋｿ(･∀-` )ﾋｿ
ﾋｿ( ´･д･)ﾋｿ(´･д･`)ﾋｿ(･д･` )ﾋｿ
ﾋｿﾋｿ( ´ﾟдﾟ)ｺﾞﾆｮ(´ﾟдﾟ`)ｺﾞﾆｮ(ﾟдﾟ` )ﾋｿﾋｿ
秘密

(*´ﾉ3`)ﾋﾐﾂﾈ
(*ﾟﾉ3ﾟ)ﾋﾐﾂﾈ
(o'ﾉ3')ﾋﾐﾂﾀﾞﾖ
(*´ﾟ3ﾟ`)b ｼｰｯ!!ﾀﾞﾖ
(o'3')b ｼ────!!
(*ﾟ3ﾟ)b ｼ────!!
(




頑張れ,ファイト,フレーフレー

頑張って！(`･ー･´)b
ｶﾞﾝﾊﾞﾚ!!o(`･д･´)oｶﾞﾝﾊﾞﾚ!!
ガンバレ(┌ﾟдﾟ)┌ ヨッ
ガ ン o(`･ω･´)o バ レ
ｶﾞﾝ(ﾟдﾟ)ｶﾞﾚ
頑張ッテ(*'ー'*)b
頑張って(o'∀'人)ネ♪
頑張ってネ(p´･_･`q)
ｶﾞﾝﾊﾞ──(oﾟｪﾟo)ﾉ──!!!!
ｶﾞﾝﾊﾞｧ━━━(`･д･´)ﾉ━━━!!!!
力゛`ノノヽ゛レ_〆(･ω･*)
[頑張れ]a(aﾟｪﾟ*)
[がんばれ]･ω･´)尸
＼ がんばってー!!!! ／
(p>＿<q) ファイトです！
(●'д')bﾌｧｲﾄです
ﾌｧｲﾄﾀﾞq(q'∀`o)ﾆｬﾝ
｡+｡ﾟ☆ﾌｧｲﾄ(p*'∀`*q)ﾌｧｲﾄ☆ﾟ｡+｡
ファイト└(｡･`□´･｡)┘ファイト
(ﾉ≧∀)ﾉファイトォ─────!!
ﾌｧｲﾄ───(ノﾟдﾟ)人(ﾟДﾟ )ノ───!!
ﾌｧｲﾄ───ヽ(｡･∀･｡)ﾉ───!!
ﾌｧｲﾄ───ヽ(*ﾟ∀ﾟ*)ﾉ───!!
ﾌﾚーヾ('ー'ゞ)( 尸ー')尸ﾌﾚー
ﾌﾚーヾ(ﾟ∀ﾟゞ)( 尸∀ﾟ)尸ﾌﾚー
ﾌﾚーヾ(￣O￣ゞ)( 尸ｰ￣)尸ﾌﾚー
ﾌﾚーｯ！(oﾟ∀ﾟo)尸 ﾌﾚーｯ！
ﾌﾚーｯ！(`･∀･´)尸 ﾌﾚーｯ！
なでなで

('A`)ヽ(ﾟДﾟ )ｲ
イイ

(･∀･)ｲｲ!!
(*ﾟ∀ﾟ*)ｲｲ!!
(bﾟvﾟ*)ｲｲ!!
(`･∀･´)ｲｲ!!
(o'∀'o)ｲｲ!!
ｲｲﾈ♪d('∀'o)
""
可愛い,カッコイイ

ヵ(´･Д･)ゎ(´･o･)ぃ(´･3･)す(´･∀･)ぎぃ
(*≧д≦)カッ(*≧Д≦)ワッ(*≧∀≦)bイイ♪
＿|￣|●ﾎﾟｯ｡oO(ヵヮｨｨ)
カワィィq(q'∀`o)ﾆｬﾝ
ｶｶｶｶ((*ﾟДﾟ*))ｶﾜﾕｽ
カワエｪ･:*:･:(*'▽'*):･:*:･ﾎﾟｷｭｰﾝ
(b*'з')b☆─Beautiful─☆d('ε'*d)
(p*'v`*[｡+｡ﾟ☆Beautiful☆ﾟ｡+｡]*'v`*q)
(b'∀'[★ C u t e ★]'∀'d)
＼ カワイィー♪ ／
ヵｺ(*ﾟ∀ﾟ)bｨ-ｨ
[ｶｯｺｲｲ]*'ω`*)ゞ惚れ♪
オォ！(ﾟ∀ﾟ*≡*ﾟ∀ﾟ)カッケェ〜♪
ｶｯ
走る,こける

ﾃヶﾃヶε=ε=ε=ﾍ( -∀-)ﾉ
⊂二二二( ^ω^)二⊃ﾌﾞｰﾝ
ﾌﾞｰﾝ(((っ･ω･)っ
ε=ε=ε= ﾍ( `Д´)ﾉ
ｼﾀﾀﾀｯ ε=ﾍ(*¨)ﾉ
ε=ε=ε=ヾ( *ﾟｪﾟ)ﾉﾊﾟﾀﾊﾟﾀ
ｽﾀｺﾗｻｯｻｯε=ε=ﾍ( ﾟ 3ﾟ)ﾉ
ε=ε=ε=┌(oﾟｪﾟ)┘
ε=ε=ε=┌( ;ﾟдﾟ)┘
ε=ε=ε=ε=┌( ;´ﾟｪﾟ)┘
ｶﾞｫ-!!((8-(*ﾉﾟ∀ﾟ)ﾉ
ヵﾀヵﾀ((8-( ﾉﾟェﾟ)ﾉ
ε=ε=ε=(ノ´Д`)ノ
┣¨┣¨┣¨─=≡Σ((( っ'∀')っ
┣¨┣¨┣¨─=≡Σ((( っﾟ∀ﾟ)っ
ｽﾞｻﾞｧ!!ε=ε=ε=ε=ｃ⌒っ*ﾟ∀ﾟ)っ
ﾀﾞﾀﾞﾀﾞε=ε=ε=((┌(┐_Д_ )┐
≡≡≡┏(^o^)┛
ﾋﾟｭｰ ミヽ( 'з')ﾉ
ヽ('ε' )ﾉ彡 ﾋﾟｭ-
ワ────d(ﾟ∀ﾟ)b────プ
Moonwalk.......λ
ｶｻｶｻ へ(へ´∀`)へ
ﾎﾟｷｭｰﾝ｡･*･:≡( ε:)
ﾕﾗﾕﾗ(((〜´∀`)〜
ヽ(ﾟ、｡)ﾉｺｹｯ
ヽ(･､ ．)ﾉｺｹｯ
ｵｯﾄｯﾄ☆⌒Ｙ⌒(o*_ω_)oﾄﾞﾃｯ
ｵｯﾄｯﾄ☆⌒Ｙ⌒(o_ｪ_)ﾎﾟﾃｯ
(*｡A｡)=3 ｽﾞｺ！
(;＿△＿)=3 ﾄﾞﾃｯ
(o｡Д｡)o ﾄﾞﾃｯ
ｽｯﾃﾝｺﾛﾘﾝ((┗┐┗┐ｽﾞｺ！
ミ( ﾉ＿ ＿)ﾉ=3 ｽﾞｺ！
凹○ﾞ ｺﾃｯ
┌┛┌┛ｽﾞｺ！
￣|＿|○ ｽﾞｺ！
〓■● ﾎﾟﾃｯ
〓■● ﾎﾟﾃｯ 〜□○O
○|＿|￣ ｽﾞｺｰ ｽﾞｺｰ ￣|＿|○
_(  _´･-･)_ぺたぁ
(:D)┼─┤バタッ
パンチ,キック

(`Д´☆ｶﾞｯ■━⊂(･∀･ )
.∵･(´εﾟ((c=(c=(c=(ﾟﾛﾟ c=ｱﾁｬﾁｬ-!!
(*ﾟдﾟ⊂彡☆))Д`)ﾊﾟｺｰﾝ
コノコノォ( >ω<)っ))ﾟ3ﾟ*)
( #ﾟдﾟ)=○)ﾟД)ﾟ･∵.ﾎﾞｶｯ
( ´Д`)=○)`3´)･∵.ﾄﾞｶﾞｯ
(｡_°)☆O=(ﾟДﾟﾒ)qｽｺｰﾝ
( #`Д´)＝○)ﾟ3ﾟ)･∵.ｶﾞｯ
■━⊂( ･∀･)彡ｶﾞｯ☆`Дﾟ)
( `д´⊂彡☆))Д´)ﾊﾟｰﾝ
(o'д'c彡☆))ﾟд')ﾊﾟｼｰﾝ
(乂∀･)┌┛)`д)∴ﾄﾞｶﾞｯ
ﾐｼ…(´Д((┗┐(･`ω･ﾉ)ﾉ
(乂∀￣)┌┛))`ωﾟ)･∵.ｶﾞｯ
ｶﾞｯ!!!ヽ(#ﾟДﾟ)ﾉ┌┛
メモ,消しゴム,誤字,注目

ﾒﾓﾒﾓ((φ(б_б*)
ﾒﾓﾒﾓ((φ(･ｪ･*)
ﾒﾓﾒﾓ((φ(ﾟдﾟ )
((φ(v_v*)ﾌﾑﾌﾑ
ﾒﾓﾒﾓ( ;ﾟДﾟ)φﾞ
ﾒﾓﾒﾓ(oﾟェﾟ)φﾞ
ｃ⌒っ *･∀･)φ ﾒﾓﾒﾓ
高速(((φ(`･д･´)φ)))ﾒﾓﾒﾓ
ｶﾀｶﾀ＼＿ﾍ('ω'o)ﾒﾓﾒﾓ
_φ(´ε`*ｃ⌒っｶｷｶｷ
_〆(^▽^*)ヵｷヵｷ
_〆(≧▽≦ )ヵｷヵｷ
_〆(-∀-*)ヵｷヵｷ
_〆(･ω･o)ｶｷｺ
((φ(･д･｡)ﾎｫﾎｫ
((φ(´ω`*)ﾒﾓﾒﾓ
ﾒﾓﾒﾓ((φ(･ω･*)
((＿ﾛ(´ｪ`*)゛ｹｼｹｼ
((＿ﾛ(･∀･｡)゛ｹｼｹｼ
((＿ﾛ(ﾟェﾟo)゛ｹｼｹｼ
((＿ﾛ(｡ ｡*)゛ｹｼｹｼ
((＿ﾛ(´Д`; )゛ｹｼｹｼ
((＿ﾛ('皿'●)゛ｹｼｹｼ
[誤字](;ﾉﾟДﾟ)ﾉ見ないで！
[誤字]＼_(`･д･´)注目！
[誤]文字 ⇒ [正]文字
┏○)) 訂正してお詫びします
[誤ヾ(´･д･)見ないで…
[誤字]        ε=ε=ε=┌( ´ﾟｪﾟ)┘ｼﾗﾈ
[誤字]＼_(´･∀･)ﾜｽﾚﾃｸﾀﾞｻｲ
＼_(｡･∀･)注目
＼_(`･д･)ココ重要
＼_( ﾟﾛﾟ)ここ重要
＼_(*ﾟｪﾟ)ﾉ))ﾊｨ！注目
＼_(o'д')ﾉ))ﾊｨ！注目
チラッ,観察

|ﾟェﾟ*)
|･д･´)
|･ω･｡)
|-_-｡)
|´-`)｡oO(…)
|･ω･`)
|ｮ'∀'o)
|';') ﾋｮｺ
|ﾟωﾟ )ゝﾋｮｺ
|´ﾟ∀ﾟ`)ﾁﾗｯ
|ｮﾟﾛﾟ*)ﾁﾗｯ
|ｮε･`*)ﾁﾗ
|ｮﾟдﾟ*)ﾁﾗﾘﾝ
|´艸`)ﾁﾗﾘｽﾞﾑ
|*'ｰ'*)ﾁﾗｯ
|*´ｪ`*)ﾁﾗｯ
(*´ωﾉ|┬┴
(｡´･_･ﾉ|┬┴
(´ﾟεﾟ`p|┬┴
|彡ｻｯ
|彡ﾓｻｯ
|=3=3=3 ﾃｹﾃｹﾃﾝ
|≡ｻｻｯ
|)≡ｻｯ!!
|･д･`)ﾁﾗｯεεε=ヾ(*´･д･)ノﾀﾀﾀﾀεεεﾁﾗｯ(´･д･|
|ω･´)ﾁﾗｯεεε=(ﾉ`･ω･)ﾉｽﾀﾀﾀｯεεεﾁﾗｯ(`･ω|
ﾃｹﾃｹε=ε=ε=┌( ´ﾟｪﾟ)┘εεεｻｻｯ≡(´ﾟｪﾟ|
|ﾟ∀ﾟ*)ﾁﾗｯεεε=(ﾉ*ﾟДﾟ)ﾉﾀｯﾀｯﾀｯεεεﾁﾗｯ(*ﾟ∀ﾟ|
|ｮ･`д･´)観察…
|
カモーン,ネェネェ,オーイ,呼ぶ,探す,発見

ﾍ(￣-￣ )カモーン
щ(･д･´щ)ｶﾓｰﾝ
ｶﾓ-ﾝщ(ﾟεﾟщ)
Come on!!(*'3`*)屮
ヵﾓ-ﾝщ(ﾟДﾟ`щ)ヵﾓ-ﾝ
ﾍ('.'o)ｶﾓｰﾝ
ﾍ(´ー`ﾍ)ｶﾓｰﾝ
щ(ﾟДﾟщ)ｶﾓｰﾝ
(屮´ｪ`)屮ｶﾓｰﾝ
(屮ﾟωﾟ)屮ｶﾓ─────ﾝ
(屮ﾟДﾟ)屮ｶﾓｫｫｫﾝ
ｶﾓ───(ゞo'∀')ゞ───ﾝ!!
ｶﾓ───(ゞ≧∀≦)ゞ───ﾝ!!
ｶﾓ───щ(ﾟεﾟщ)───ﾝ
ｶﾓ───щ(･∀･щ)───ﾝ
ｶﾓ━━━щ(ﾟ∀ﾟ)屮━━━ﾝ
ｶﾓ━━━━щ(ﾟﾛﾟщ)━━━━ﾝ
ヾ(･∀･* )ﾈｪﾈｪ
ヾ(･ω･* )ﾈｪﾈｪ
ヾ('д'o)ﾈｪﾈｪ
ヾ(´･_･` )ﾈｪﾈｪ
ヾ(･д･`)ﾈｪﾈｪ
ねぇねぇ( ≧∀≦)σ))
ﾈｪﾈｪ( ﾟ∀ﾟ)σ))
ﾈｪﾈｪ(*'д`)σ))
ﾈｪﾈｪ(p*'3`*)σ))
(*´ﾉ∀`)ﾉオォ───イ!!
(｣ﾟДﾟ)｣ｵ───ｲ!!
(*｣>д<)｣ｵｫ───ｲ
(｣´O`)｣おぉーぃ!!
(｣´Д`)｣オォ━━━━━━ｲ!!
(｣ﾟOﾟ)｣お───ぃ!!
(｡･ﾉO･)ﾉぉ──ぃ
(｣ﾟДﾟ)｣オ────イ!!
(o'ﾉ∀')ﾉお───ぃ！
|o'ω')∂)) お い で
Ωヾ(･ε･`*)ﾁﾝ ﾁﾝ ﾁｰﾝ♪
[壁]ﾟ∀ﾟ)っ)) ｺｯﾁｺｯﾁｰ
コィコィ！щ(ﾟдﾟщ)コィコィ！
ｺｫ━━━━щ(ﾟДﾟщ)━━━━ｲ
ﾁｮｯﾄﾁｮｯﾄ…ﾍ(￣ｰ￣[隠れ家]
ﾍ(≧∀≦ﾍ)ｵｲﾃﾞｵｲﾃﾞ
( ´=∀=)ﾉ集合ぉ！
バッチコーイ！(　*　　)ﾟ∀ﾟ`)屮
ﾊﾞｯﾁｺ━━━щ(ﾟДﾟщ)━━━ィ
(*`ω´)∂゛ﾁｮｯﾄｺｲ
(　´_ゝ`)∂゛顔ｶｾ
(ﾟДﾟ)∂゛ﾁｮｯﾄｺｲﾔ
‾-y(´･･_` )∂゛ｸｨｸｨ
[トイレ]`д´ﾒ)∂゛ｸｨｸｨ
((ﾟдﾟo)ｷｮﾛｷｮﾛ(oﾟдﾟ))
o(('д'*)ｷｮﾛｷｮﾛ(*'д'))o
ｷｮﾛ(｢￣д￣*)ｷｮﾛ(*｢￣д￣)ｷｮﾛ
ｷｮﾛ(･∀･ ≡ ･∀･)ｷｮﾛ
ｷｮﾛ(´д` ≡ ´д`)ｷｮﾛ
ｷｮﾛ(｢･ω･ )ｷｮﾛ( ｢･ω･)ｷｮﾛ
(｢･_･ ))チェック中(( ｢･_･)
ドコ？(ﾟーﾟ ≡ ﾟーﾟ) ドコ？
ﾄﾞｺ(ﾟДﾟ;≡;ﾟДﾟ)ﾄﾞｺ
(σ`3´)σ見ぃ〜けっ！
ﾊｯヶ───(`･ω[+]───ﾝ
ﾊｯｹ────m9(ﾟдﾟ)────ﾝ!!
ﾊｯｹ───(b'3`*)───ﾝ!!
ﾊｯｹ-ﾝ!!(o･ω[+])
発見！m9(´∀`)
見っけ！m9(*ﾟдﾟ*)
ロックオン!!(`･д[+])
[地の果て]ｮ☆ω☆)ｷﾗｰﾝ
|´･д･)σ 発見！
|ﾟДﾟ)σﾐｯｹﾀ
ロム・離席,休憩

Read Only Member
｡+｡ﾟ☆ ROM ☆ﾟ｡+｡
☆ﾟ｡+｡ ROM ｡+｡ﾟ☆
ROMｼﾏ──(｡･ω･｡)ゝ──ｽ!!
ROMｼﾏ──(o´д`o)ゞ──ｽ!!
ROM ＼＿(´ー`)y-‾
ロム！( ﾟДﾟﾉ)ﾉ ⌒ [ｷｰﾎﾞｰﾄﾞ]
[ROM]彡ｻｯ!!
[ROM]'〜'o))) ﾓｸﾞﾓｸﾞ
[ROM]ｮω･)｡+.ﾟ
|o'д')ノ ⌒ [Rom]
|彡ｻｯ   [Rom]
Away From Keyboard
｡+｡ﾟ☆ AFK ☆ﾟ｡+｡
☆ﾟ｡+｡ AFK ｡+｡ﾟ☆
[ｷｰﾎﾞｰﾄﾞ]      ε=ε=ε=┌( *ﾟｪﾟ)┘
[休憩中]o'ω')o□‾
|*'∀'*)ﾉ ⌒ [一休み]
| ﾟ∀ﾟ )ﾉ ⌒ [一休み]
ﾌｩ…ε-ヾ(´ε`; )ゝ休憩
休憩 (*´-д-)ゞ-3 ＿／
ヽ(´ー`)ノﾏﾀｰﾘ
ﾏﾀｰﾘ(ﾉ´∀`*)ﾏﾀｰﾘ
ﾏﾀ───ヽ(´ー`)ノ───ﾘ
欲しい,お願い,頼む

(ﾟдﾟ)ﾎｽｨ...
ヽ(`Д´)ﾉｸﾚﾖ
ﾏﾀﾞｧ-?(･∀･ )っ/凵⌒☆ﾁﾝ☆ﾁﾝ
ﾎｽｨ((o(´∀`)o))ﾎｽｨ
ﾎｼｨ!!o((≧∀≦))oﾎｼｨ!!
ﾎﾁｨ((o(>ω<*≡*>ω<)o))ﾎﾁｨ
ﾏﾀﾞｧ？((o(｡･д･｡)o))ｩｽﾞｩｽﾞ
ｸﾚﾖｯ！(屮ﾟ∀ﾟ)屮
ﾜﾀｼﾃ？щ(ﾟｪﾟщ)
ｸﾚﾖｯ！щ(´∀`щ)
ﾜﾀｼﾃ？(屮'д')屮
ﾓﾗｯﾃｱｹﾞﾙ( *ﾟ▽)＿
ﾓﾗｯﾃｱｹﾞﾙ(*´-∀)＿
ｷﾗｰﾝ( +☆ω☆)σ
ｷﾗ───(☆ω☆)───ﾝ
(ﾎｼｨ)Oo｡(o'¬'o)ｼﾞｭﾙﾘ♪
(´･_･`)｡oO(ﾎｼｨﾅｧ)
| ´･3`･)｡oO(ﾎｼｨ)
|･`)ｼﾞ-…  |ω･`))ｨ-ﾅｧ…  |´･ω･`)ﾎｽｨ…
(人д`*)ｵﾈｶﾞｲｼﾏｽ
(人'v`*) オ ネ ガ イ
お願いしますm(｡´･_･`｡)m
一生のお願い！(人'д`o)
(*vд人)ｵﾈｶﾞｲｼﾏｽ
お願い(人∀`o≡o´∀人)お願い
･:*:･:(oﾟ∀ﾟp)pお願いしますq(qﾟ∀ﾟo):･:*:･
(人'∀'o) 頼む！
(人∀･)ﾀﾉﾑ！
ﾀﾉ────(人ﾟдﾟ)────ﾑ!!
ﾀﾉ───(人∀･)───ﾑ!!
┏○)) タノ──────ム！
＿|￣|○)) 頼む！お願い！この通り！
あげる

ﾎﾚ(ﾟДﾟ)ﾉ ⌒ [ﾌﾟﾚｾﾞﾝﾄ]
ほぃ(ﾉ｡･_･｡)ﾉ ⌒ [贈物]
ﾎｨ(ﾉ´∀`)ﾉ ⌒ [プレゼント]
受け取って！(*´ｪ`ﾉ)ﾉ ⌒ 由
つまらない物ですが ＿|＼○_□
ほんの気持ちです(*u_u)っ畄
ﾄﾞｿﾞ───(∩´∀`)∩───!!
ﾄﾞ───(*ﾟ3ﾟ)っ由───ｿﾞ
ﾄﾞｩｿﾞ(ﾉﾟ∀ﾟ)ﾉ ⌒ 由
あげる！(*>ω<)っ畄
どうぞ(o'∀')っ畄
|*ﾟｪﾟ)っ由
|*'д`*)っ由
|･∀･)ﾉ ⌒ 
電話,メール送信

(｡･ω･｡)]ｮ
(o'ω'o)]ｮ
(´ω`)]ｮ
(*ﾟェﾟ*)]ｮ
(*v_v*)]ｮ
｡+｡ﾟ☆ 送 [＼／] 信 ☆ﾟ｡+｡
ホィ(ﾉ*ﾟｪﾟ)ﾉ  ((([＼／]
お届け♪((8-(o'∀')っ[＼／]|〒|
メール送信！(σ´∀`)σ  ε=ε=ε=((([＼／]
送ったよ！(∩´∀`)∩  ((([＼／]
送ったよ！(σ'3`*)σ-==≡≡
タバコ

(*´д`)y-‾
(*´∀`)y-‾
(o'ω')y-‾
( *'w')y-‾
(*'ｖ`*)y-‾
(ﾟДﾟ)y-‾
( ´ﾟдﾟ)y-‾
(*ﾟェﾟ)y-‾
(`･д･)y-‾
(o･∀･)y-‾
(￣ー￣)y-‾
( 
食事,飲み物,食べ物

(ﾟдﾟ)ｳﾏ-
ﾏｲｳ───(( ´艸` ))───!!!!
ｹﾞｯﾌﾟ( *´３`)-3
ﾓｸﾞﾓｸﾞ (((´〜`))) ﾓｸﾞﾓｸﾞ
(o^〜^o) ﾓｸﾞﾓｸﾞ
((￣〜￣))ﾑｼｬﾑｼｬ
Ψ(｡･∀･｡)Ψ頂きまーす
(美味しそう)Oo｡(o'¬'o)ｼﾞｭﾙﾘ♪
うまそう(*ﾟ¬ﾟ*)
|ｮω☆)｡oO(ｩﾏｿｩ)
[食事中]*ﾟ〜ﾟ*)ﾓｸﾞﾓｸﾞ…
[食事中]'〜'o))) ﾓｸﾞﾓｸﾞ
(　´ ･ω･ `　)モーア？
粗茶ですが( ´･ω･)_且‾
お茶どうぞ( *´▽`)_且‾
飲め(  ﾟДﾟ)っ且‾
‾且_(･ω･｡)いただきます
‾且_(´∀`* )頂きます
‾且_(ﾟーﾟ*)ｲﾀﾀﾞｷﾏｽ
(/◎＼)ｺﾞｸｺﾞｸｯ
ﾋｨｰｯｸ！(*>∀<)o(酒)
((ﾞ(人ω-)ｼｬｶｼｬｶ(-ω人)ﾞ))( ･ω･)_Ｙ カクテルどうぞ
ｶﾝﾊﾟ──(o'ω')o□☆□o('ω'o)──ｲ
ﾁ──(*ﾟωﾟ)ﾉ∀☆∀ヽ(ﾟωﾟ*)──ﾝ
ｶﾝﾊﾟｰｲ(`･з･)ﾉＵ☆Ｕヽ(･ε･´)ｶﾝﾊﾟｰｲ
乾杯！(*´ω`)o∪∪o(´ω`*)乾杯！
>ﾟ)))彡 魚
>ﾟ)##>< 焼き魚
┌iiiiii┐ ホールケーキ
┌iii┐ ケーキ
▲▲▲ アポロチョコ
◎ ドーナツ
─◎ ─○ ─● チュパチャップス
━ヽ_｡_･_ﾟ_･_フ)) チャーハン
ε○З キャンディ
─━━━━ ポッキー
━○ﾛ|> おでん
━くコ：彡━ イカ焼き
━匚〃] アイス
★∵> 苺
ε=(;;:;::;)=3 骨付きお肉
ε==3 カルシウム
＿皿＿皿＿皿＿皿＿皿＿皿＿ 回転寿司
(:ﾟ::) みかん
(■) おにぎり
(▲) おにぎり
(囘)￣￣) 巻き寿司
＼吉野屋／ 牛丼
Ω‾ お餅
θ 薬
─⊂ZZZ⊃ フランクフルト
─●○◎- 三色団子
串 焼き鳥
-{}@{}@{}- 焼き鳥
∈∋ ハンバーガー
トイレ,スッキリ,その他

| W C |ヽ(*´･_･`)))) ﾁｮｯﾄ失礼
| W C |'ω`*)ﾉ)) ﾁｮｨﾄ失礼
| W C |´･∀･)ゝ
| W C |´ω`)ゞ
ﾀｯﾀｯﾀｯﾀｯε=ε=ε=( ﾉ´Д`)ﾉ    | W C |
ｽﾀﾀﾀﾀε=ε=ε=( ﾉﾟДﾟ)ﾉ    | W C |
ｽｯｷﾘ───ヽ(*´∀`*)ノ───!!
ｽｯｷﾘ───ヽ(*ﾟдﾟ*)ノ───!!
+.*:･:ヽ(*･∀･*)ﾉ:･:*.+
+.*:･:ヽ(*'ε`*)ノ:･:*.+
｡+｡ﾟ☆(*'∀')bスッキリ！☆ﾟ｡+｡
○|￣|＿ =3 ﾌﾞｯ
○|￣|＿=3 ﾌﾞﾘｯ (((●
ﾃﾞﾀﾖﾃﾞﾀﾖ( ･∀･)っ●
出ました(*´д`)っ●
一発(ﾟдﾟ( ::: * ::: )=3 ﾌﾞｯ
(´ﾟ∀ﾟ`(　　*　　) ﾌﾟﾘﾝ
暇

| ´･3`･)｡oO(暇)
|
通報・逮捕,風邪,その他

m9(`Д´)通報しますた！
m9(･∀･)通報しますた！
m9(o'Д'o)通報ｼﾏｽﾀ!!!!
m9(*ﾟｪﾟ*)通報ｼﾏｽﾀ!!!!
ﾀｲ━━━━||Φ|(|ﾟ|∀|ﾟ|)|Φ||━━━━ﾎ!!
ﾀｲ━━━━||Φ|(|´|Д|`|)|Φ||━━━━ﾎ!!
ｼｬｸ━━━━||○(ﾟ∀ﾟ)○||━━━━ﾎ!!
ｺﾞﾎｺﾞﾎ(( ;*д*))o=3=3
ｺﾞﾎｺﾞﾎ(( +д+))o=3=3
ε-ε-o((+ε+; ))ｹﾞﾎｹﾞﾎ…
ｸｼｭﾝｯ！((*>艸<)).:∵;´、
ﾊｸｼｮﾝｯ！(o>Д<)o.:∵;´、
†┏┛墓┗┓†
(-人-) 南無南無…
(´-人-`) 南無
†ｱ━━━(´･Д･`)━━━ﾒﾝ†
メリークリスマス,シングルベル

o<(o'∀')ﾉ☆*:;;;:*☆Merry Christmas☆*:;;;:*☆ヽ('∀'o)>o
ﾟ*::;;;;::*ﾟo<(*･∀･)b [Merry Xmas] d(･∀･*)>oﾟ*::;;;;::*ﾟ
o<(●´∀`)ﾉﾟ+o｡｡o+ﾟ Happy Xmas ﾟ+o｡｡o+ﾟヽ(´∀`●)>o
o<(*ﾟーﾟ)ﾉ∞+:;;;;:+∞ Merry Christmas ∞+:;;;;:+∞ヽ(ﾟーﾟ*)>o
o<(ﾉ･ω･)ﾉ*:..｡o○☆ メリークリスマス ☆○o｡..:*ヽ(･ω･ヽ)>o
ﾟ*::;;;;::*ﾟヽ(〃v〃)ﾉﾟ*::;;;;::*ﾟ Merry Xmas ﾟ*::;;;;::*ﾟヽ(〃v〃)ﾉﾟ*::;;;;::*ﾟ
o<(*'v`p)p☆+*:;;;:*+☆ Happy Xmas ☆+*:;;;:*+☆q(q'v`*)>o
☆彡｡.:･*ﾟ Merry (*v_v)人(u_u*) Xmas ☆彡｡.:･*ﾟ
†*:;;;:*† Happy (●'∀`人'∀`●) Xmas †*:;;;:*†
+｡o○o｡+ Merry (Pq'v`*) Xmas ｡o○o｡+ ┏┛†┗┓
♪ ｡.ﾟ ｡+ﾟ∈･`*┘ミヽ('∀'o)>o ﾟ ｡+ﾟ ｼｬﾝｼｬﾝｼｬﾝ♪
｡.ﾟ ｡+ Merry Xmas ｡.ﾟ ｡+ 迴＆─爿爿爿爿    龠‾‾
o<(≧∀≦)ゝ メリークリスマス☆彡
o<(o'∀'o)ゝ メリークリスマス☆彡
o<(o'∀')ﾉ☆*:;;;:*☆Happy Holidays☆*:;;;:*☆ヽ('∀'o)>o
ﾟ*::;;;;::*ﾟo<(*･∀･)b [Happy Holidays] d(･∀･*)>oﾟ*::;;;;::*ﾟ
o<(●´∀`)ﾉﾟ+o｡｡o+ﾟ Happy Holidays ﾟ+o｡｡o+ﾟヽ(´∀`●)>o
o<(*ﾟーﾟ)ﾉ∞+:;;;;:+∞ Happy Holidays ∞+:;;;;:+∞ヽ(ﾟーﾟ*)>o
o<(ﾉ･ω･)ﾉ*:..｡o○☆ハッピーホリデーズ☆○o｡..:*ヽ(･ω･ヽ)>o
ヽ(〃v〃)ﾉﾟ*::;;;;::*ﾟ ハッピーホリデーズ ﾟ*::;;;;::*ﾟヽ(〃v〃)ﾉ
o<(*'v`p)p☆+*:;;;:*+☆ハッピーホリデーズ☆+*:;;;:*+☆q(q'v`*)>o
※※※※ クリスマス中止のお知らせ ※※※※
シングルベル｡ﾟ彡(´･_･`;)彡ﾟ｡彡ﾋｭｰﾋｭｰ
ｳﾂﾆﾅﾙ｡ﾟ彡(-＿-)彡ﾟ｡彡ﾋｭｰﾋｭｰ
＿|￣|○メリークルシミマス
(22日)＿|￣|○ ⇒ (23日)＿|＼○＿ ⇒ (24日)＿/＼○＿ ⇒ (25日)＿__＿○＿
＿|￣|● ｡oO(ｼﾝｸﾞﾙﾍﾞﾙ)
仏教徒だから…(-人-)ﾅﾑﾅﾑ
┐(´-ε-`)┌ ｡oO(ｸﾘｽﾁｬﾝｼﾞｬﾈｰｼ)
＼ メリークリスマス♪ ／  ｳﾜｧｧｧｧｧｧｧ(>'A`)>ｧｧｧｧｧｧｧ!!!!
＼ メリークリスマス♪ ／  (∩ﾟдﾟ)ｱｰｱｰきこえなーい
[12月] 22日 ('A`) ('A`) ('A`) 26日
クリスマスは去年やっただろ！(`･д･´)
クリスマスは去年もやっただろ！ヽ(`Д´)ﾉ
クリスマスは去年やっただろうが！(`･ω･´)
クリスマスは去年やったでしょ！(`･_･´)
あけおめ,Happy New Year,初詣

[新年]明けましておめでとうございますヽ(o´∀`o)ﾉ
あけましておめでとう！(*>▽<*)ゝ
[ｱｹﾏｼﾃｵﾒﾃﾞﾄｳ]>3<*)ﾉｼ
あけましておめでとぅ♪ヾ(´ｰ`)ﾉ
[賀正]あけましておめでとう♪o(´･∀･`)o
了ヶマ=ﾉ〒 才×〒ﾞ├_〆(-∀-*)ヵｷヵｷ
＿|￣|○ ｱｹﾏｼﾃ ＿/＼○＿ ｵﾒﾃﾞﾄｳ ＿＿＿○＿ ｺﾞｻﾞｲﾏｽ
┏(ﾟωﾟ)ゝ 今年も宜しくお願いします
＿|￣|○)) 新年明けましておめでとうございます
ヽ(`･д･[*─☆─* 本年もヨロシク *─☆─*]･д･´)ﾉ
[謹賀] 今年もヨロシク(人д〃)ネッ [新年]
( *´艸`)あけおめ(っ´▽`)っ))ことよろ
アケオメ (o´д`)人(´д`o) コトヨロ
あ け お め (o'д')从('д'o) こ と よ ろ
｡+｡ﾟ☆ｧｹｵﾒ(p*'v`*q)ｺﾄｮﾛ☆ﾟ｡+｡
アケオメ d(ゝ∀･ ) コトヨロ
♪あけおめ(*´д`人´д`*)ことよろ♪
ΑКЁОМЁヽ(〃v〃)ﾉ
アケオメ！(ﾟ∀ﾟ)ﾉ
アケオメ！ヽ(≧▽≦)人(≧▽≦)ﾉコトヨロ！
(艸v_V*)｡+｡ﾟ☆─Happy New Year─☆ﾟ｡+｡(*V_v艸)
(o'∀')ノ｡+｡ﾟ☆I wish you a happy new year☆ﾟ｡+｡ヽ('∀'o)
(人'д'o)☆ﾟ.*｡Happy New Year｡*.ﾟ☆(o'д'人)
(`･д･)ﾉ*:..｡o○☆ Happy New Year ☆○o｡..:*ヽ(･д･´)
(｡･_･｡[*─☆─* Happy New Year *─☆─*]｡･_･｡)
｡+｡ﾟ☆(●･w･[ΗΑΡΡΥ ΝΕШ ΥΕΑЯ]･w･●)☆ﾟ｡+｡
(*ゝwбp[*:..｡o○☆ I wish you a happy new year ☆○o｡..:*]qゝwб*)
[*σ_σ]○o｡ΗΑΡΡΥ ΝΕШ ΥΕΑЯ｡o○[σ_σ*]
ヽ(≧▽≦)ﾉ｡+｡ﾟ☆─I wish you a happy new year─☆ﾟ｡+｡ヽ(≧▽≦)ﾉ
(oﾟvﾟp[*◆*──Happy New Year──*◆*]qﾟvﾟo)
ヽ(●ﾟェﾟ●)*◇*──Happy New Year──*◇*(●ﾟェﾟ●)ノ
(p*'v`*[★* I wish you a happy new year *★]*'v`*q)
ﾎﾚ！お年玉( ﾟДﾟ)ﾉ ⌒ 
お誕生日おめでとう,HAPPY BIRTHDAY

ｵﾒﾃﾞﾄｳ(*'∀`)ﾊ┌iiiiii┐ﾊ('∀`*)ﾊﾟﾁﾊﾟﾁ
(oﾟ∀ﾟ)ﾉ☆ﾟ｡+｡[祝誕生日]｡+｡ﾟ☆ヾ(ﾟ∀ﾟo)
お誕生日おめでとぅ(´･∀･ﾉﾉﾞ☆ﾊﾟﾁﾊﾟﾁ
お誕生日おめでとう♪ヾ(≧∀≦)ﾉ
お誕生日おめでとう♪o(´･∀･`)o
誕生日☆o｡(o'д')从('д'o)｡o☆おめでとう
お誕生日(*σ_σ)人(σ_σ*)おめでとう♪
誕生日おめでとう！(ﾉ･∀･)ﾉ ⌒ ┌iiiiii┐
お誕生日おめでとう！(ﾉ'∀')ﾉ ⌒ 轡
誕生日おめでとう！(ﾉ´Д`)ﾉ ⌒ 畄
(p*'v`*[★* HAPPY BIRTHDAY *★]*'v`*q)
(艸v_V*)｡+｡ﾟ☆─HAPPY BIRTHDAY─☆ﾟ｡+｡(*V_v艸)
(o'∀'o)ﾉ★ﾟ｡+｡☆HAPPY BIRTHDAY☆｡+｡ﾟ★ヽ(o'∀'o)
(`･д･)ﾉ*:..｡o○☆ Happy birthday to you ☆○o｡..:*ヽ(･д･´)
｡+｡ﾟ☆(●･w･[Happy birthday to you]･w･●)☆ﾟ｡+｡
♪(人'∀'*)ハッピーバースデートゥユー♪
(o´∀`)o[○o｡ハッピーバースデートゥユー｡o○]o(´∀`o)
ヽ(*ﾟーﾟ*)☆ﾟ.*｡ハッピーバースデートゥユー｡*.ﾟ☆(*ﾟーﾟ*)ﾉ
(*'ω'p[+｡o
暑い,寒い

(υ´Д`)ｱﾂｰ
ｱﾂｰ( ;´ρ`)ゞ
ﾍﾅ… ＿ﾉフ(､ﾝ､) ﾍﾅ…
⊂⌒‾⊃;｡Д｡)⊃ｱﾁｨ…
ｱｯﾁｨ───ヽ(´Д`;≡;´д`)ゞ───!!!!
ﾊﾟﾀﾊﾟﾀ((ﾞＱ(･ω･`υ)
'`ｧ'`ｧ ( ;´Д`) ｱﾂｰ
ι(´Д`ι)アチィ…
ｻﾑｨｻﾑｨ(((p'д'q)))ﾌﾟﾙﾌﾟﾙ
ﾌﾞﾙﾌﾞﾙﾌﾞﾙ(((*´д`*)))ｻﾑｩ…
ﾌﾞﾙﾌﾞﾙ(((p-д-q)))ﾌﾞﾙﾌﾞﾙ
ﾌﾞﾙﾌﾞﾙ(((p'д`q)))ﾌﾞﾙﾌﾞﾙ
寒い…(´；∀；`)｡oO(身も心も懐も)
ﾌﾞﾙﾌﾞﾙ(((*'д`*)))ｱﾀﾀﾒﾃｸﾚ…
ｻﾑ━━━━(((p´д`q)))━━━━!!
┌[ ﾟдﾟ ]┐ ｶｷｰﾝ
ライン

----------------ｷﾘﾄﾘ線----------------
*⇔*──*⇔*──*⇔*──*⇔*──*⇔*──
･‥…━…‥･‥…━…‥･‥…━…‥･‥…━…‥
†*†*†*†*†*†*†*†*†*†*†*†*†*†*†*†*†*†*
★〓★〓★〓★〓★〓★〓★〓★〓★〓
━─━─━─━─━─━─━─━─━─━─
☆:::::::::::::::☆:::::::::::::::☆:::::::::::::::☆:::::::::::::::☆:::::::::::::::
☆…☆…☆…☆…☆…☆…☆…☆…☆…☆…☆…
★……★……★……★……★……
｡oＯo｡.:*:.｡oＯo｡.:*:.｡oＯo｡.:*:.｡oＯo｡.:*:.｡oＯo｡.:*:.｡oＯo｡.:*:.
☆+:;;;;;;:+☆+:;;;;;;:+☆+:;;;;;;:+☆+:;;;;;;:+☆+:;;;;;;:+☆+:;;;;;;:+
☆:;;::;;:*:;;::;;:*:;;::;;:*:;;::;;:*:;;::;;:☆:;;::;;:*:;;::;;:*:;;::;;:*:;;::;;:*:;;::;;:
☆:;;:･:;;:･:;;:･:;;:･:;;:☆:;;:･:;;:･:;;:･:;;:･:;;:☆:;;:･:;;:･:;;:･:;;:･:;;:
☆*:;;;;;;:*☆*:;;;;;;:*☆*:;;;;;;:*☆*:;;;;;;:*☆*:;;;;;;:*☆*:;;;;;;:*
*:;;;:*:;;;:*+☆+*:;;;:*:;;;:*+☆+*:;;;:*:;;;:*+☆+*:;;;:*:;;;:*+☆+
∞+:;;;;:+∞+:;;;;:+∞+:;;;;:+∞+:;;;;:+∞+:;;;;:+∞+:;;;;:+∞+:;;;;:+
+†+:;;;:+†+:;;;:+†+:;;;:+†+:;;;:+†+:;;;:+†+:;;;:+†+:;;;:+†+:;;;:+†+:;;;:
*::;;;;::*ﾟ*::;;;;::*ﾟ*::;;;;::*ﾟ*::;;;;::*ﾟ*::;;;;::*ﾟ*::;;;;::*ﾟ*::;;;;::*ﾟ*::;;;;::*ﾟ
*†*:;;;:*†*:;;;:*†*:;;;:*†*:;;;:*†*:;;;:*†*:;;;:*†*:;;;:*†*:;;;:*†*:;;;:
*:;:*:;:*:;:*:;:*:;:*:;:*:;:*:;:*:;:*:;:*:;:*:;:*:;:*:;:*:;:*:;:*:;:*:;:*:;:*:;:*:;:
*:.｡..｡.:+･ﾟ･*:.｡..｡.:+･ﾟ･*:.｡..｡.:+･ﾟ･*:.｡..｡.:+･ﾟ･*:.｡..｡.:+･ﾟ･*:.｡..｡.:+･ﾟ･
*･:..｡o¢o｡..:･*･:..｡o¢o｡..:･*･:..｡o¢o｡..:･*･:..｡o¢o｡..:･*･:..｡o¢o｡..:･
*･ﾟ･*:.｡.*.｡.:*･☆*･ﾟ･*:.｡.*.｡.:*･☆*･ﾟ･*:.｡.*.｡.:*･☆*･ﾟ･*:.｡.*.｡.:*･☆
ﾟ+o｡｡o+ﾟ+o｡｡o+ﾟ+o｡｡o+ﾟ+o｡｡o+ﾟ+o｡｡o+ﾟ+o｡｡o+ﾟ+o｡｡o+ﾟ+o｡｡o+
*:..｡o○☆ *:..｡o○☆ *:..｡o○☆ *:..｡o○☆ *:..｡o○☆
○o｡+..:*○o｡+..:*○o｡+..:*○o｡+..:*○o｡+..:*○o｡+..:*
･*:..｡o○☆*ﾟ･*:..｡o○☆*ﾟ･*:..｡o○☆*ﾟ･*:..｡o○☆*ﾟ
･‥…━━━☆･‥…━━━☆･‥…━━━☆
.｡.:*･ﾟ＋.｡.:*･ﾟ＋.｡.:*･ﾟ＋.｡.:*･ﾟ＋.｡.:*･ﾟ＋.｡.:*･ﾟ＋
☆.｡.:*･ﾟ ☆.｡.:*･ﾟ ☆.｡.:*･ﾟ ☆.｡.:*･ﾟ ☆.｡.:*･ﾟ ☆.｡.:*･ﾟ
☆彡｡.:･*ﾟ☆彡｡.:･*ﾟ☆彡｡.:･*ﾟ☆彡｡.:･*ﾟ☆彡｡.:･*ﾟ
*+†+*──*+†+*──*+†+*──*+†+*──*+†+*──
*§*─────*§*─────*§*─────
｡o○o｡+｡o○o｡+｡o○o｡+｡o○o｡+｡o○o｡+｡o○o｡+｡o○o｡+
*:;;;;;:*※*:;;;;;:*※*:;;;;;:*※*:;;;;;:*※*:;;;;;:*※*:;;;;;:*※*:;;;;;:*※
厂下广卞廿士十亠卉半与本二上旦上二本与半卉亠十士廿卞广下
＼／＼／＼／＼／＼／＼／＼／＼／＼／＼／＼／＼／
────────────────────
━━━━━━━━━━━━━━━━━━━━
○o+:;;;:+o○o+:;;;:+o○o+:;;;:+o○o+:;;;:+o○o+:;;;:+o
文字入れ

(艸v_V*)｡+｡ﾟ☆─文字─☆ﾟ｡+｡(*V_v艸)
(｡v_vb)b･:*:･:☆文字☆:･:*:･d(du_u｡)
(o'ω')ﾉ☆*:;;;:*☆文字☆*:;;;:*☆ヽ('ω'o)
(人'д'o)☆ﾟ.*｡文字｡*.ﾟ☆(o'д'人)
(o'∀'o)ﾉ★ﾟ｡+｡☆文字☆｡+｡ﾟ★ヽ(o'∀'o)
(*´･艸･)☆*★─文字─★*☆(･艸･`*)
£(｡･v･)o†─文字─†o(･v･｡)β
(*´Д`[*─☆─* 文字 *─☆─*]´Д`*)
(o´∀`)o[○o｡文字｡o○]o(´∀`o)
[*σ_σ]○o｡文字｡o○[σ_σ*]
(`･д･)ﾉ*:..｡o○☆ 文字 ☆○o｡..:*ヽ(･д･´)
(*ゝwбp[*:..｡o○☆ 文字 ☆○o｡..:*]qゝwб*)
ヽ(≧▽≦)ﾉ｡+｡ﾟ☆─文字─☆ﾟ｡+｡ヽ(≧▽≦)ﾉ
(*ﾟーﾟ)ﾉ☆ﾟ.*｡文字｡*.ﾟ☆ヽ(ﾟーﾟ*)
(●ﾟェﾟ)*◇*──文字──*◇*(ﾟェﾟ●)
･:*:･:(*P'v`q)☆文字☆(P'v`q*):･:*:･
☆彡｡.:･*ﾟ 文字 (*v_v)人(u_u*) 文字 ☆彡｡.:･*ﾟ
(｡･_･｡[*─☆─* 文字 *─☆─*]｡･_･｡)
(oﾟvﾟp[*◆*──文字──*◆*]qﾟvﾟo)
(p*'v`*[★* 文字 *★]*'v`*q)
｡+｡ﾟ☆(●･w･[文字]･w･●)☆ﾟ｡+｡
(o'∀')ノ｡+｡ﾟ☆文字☆ﾟ｡+｡ヽ('∀'o)
